x,y,A,u,L,P,w
10,300,0.4672939882415813,2.2053088527339937,1.9102838631085477e-4,0.10273656299466992,0.3700585913768708
20,300,0.5102616390447812,2.3667769073631844,2.5702692811521114e-4,0.10272379757954127,0.3768711027870578
30,300,0.5565412810620456,1.4647712268830024,1.0858390640744369e-4,0.10271085678297598,0.47017734335837663
40,300,0.6062263393966247,2.4597980716146433,3.726960084358883e-4,0.10269759966939246,0.40527775467776506
50,300,0.659362858186423,1.6074555221221214,1.75688020280742e-4,0.10268431152978214,0.49484966772986455
60,300,0.7159315677991615,1.5373985976602609,1.8381508135343404e-4,0.10267078042490622,0.524397040998601
70,300,0.7758255540397093,2.961716282316409,8.345908779205099e-4,0.1026569908852397,0.42852155743831627
80,300,0.8388229883779984,1.2129518100587398,1.4594015849322964e-4,0.10264377137680394,0.6200504191541629
90,300,0.9045546882069737,1.1269419700783114,1.420199886882278e-4,0.10263044129129828,0.661858259066294
100,300,0.9724669377368568,2.5573170438445647,8.975466478072639e-4,0.10261708196397253,0.5070347255303757
110,300,1.0417812166023905,2.4967012709226504,9.585741101093625e-4,0.10260456838543199,0.529630920222413
120,300,1.1114544952447627,1.7437274461086711,5.030012881623738e-4,0.10259289967799273,0.6248775733563192
130,300,1.1801467551864842,2.1916217387824135,8.997227145185195e-4,0.10258156347973167,0.5918638672391467
140,300,1.2462063070626308,1.7253950645320675,5.96757659487323e-4,0.1025713258491922,0.6646030439522264
150,300,1.3076875814070317,1.8022994903953313,7.093835541244476e-4,0.10256215330974745,0.6700543219470511
160,300,1.3624184597276838,1.9498981140824172,8.969118139159594e-4,0.10255437456287131,0.6644353069854598
170,300,1.4081315872586055,1.85149070425891,8.505227266910268e-4,0.10254836272778599,0.6886498851248287
180,300,1.4426626351767455,1.9383177569391727,9.755528223455917e-4,0.10254413828059364,0.6854039611796092
190,300,1.4641967506178695,1.8589858110052269,9.161614732475277e-4,0.10254197609461965,0.7012981973160638
200,300,1.4715177646857693,1.7005375833177785,7.66179976511814e-4,0.1025420076062334,0.7266082561576174
210,300,1.4641967506178695,1.818587979659385,8.747661492874638e-4,0.10254412051236911,0.7070164957929218
220,300,1.4426626351767455,2.001707934705668,0.0010436300028356083,0.10254819846816943,0.6772933303328205
230,300,1.4081315872586055,1.9455898002168797,9.436777010740579e-4,0.10255415668669393,0.6761368443837499
240,300,1.3624184597276838,1.2884000416621437,3.754537606673093e-4,0.10256209073028764,0.7744414338738936
250,300,1.3076875814070317,1.900379227283214,7.926569079686867e-4,0.10257109456246928,0.6570460332142938
260,300,1.2462063070626308,2.6523825780168826,0.0014721824927342222,0.10258152396049568,0.5669006857064477
270,300,1.1801467551864842,2.6365285321526137,0.0013259936111510893,0.10259375339208547,0.5527597099391188
280,300,1.1114544952447627,2.6940330807927557,0.0012538353674710057,0.10260716962496151,0.5320254970005426
290,300,1.0417812166023905,1.2551643907994134,2.2589162423116715e-4,0.10262181614628597,0.6829590001023175
300,300,0.9724669377368568,0.9738835729459598,1.180074057821949e-4,0.10263661719998082,0.724525334106667
10,290,0.4886615074297527,2.9180366371768613,3.709898198072192e-4,0.10272893607530795,0.34126846206302214
20,290,0.5346372397406819,1.0341504560771686,4.883871864776515e-5,0.10271558125586153,0.5240435575043577
30,290,0.5843564954110891,2.4188626853887216,3.3818794611245096e-4,0.10270177835347662,0.4003129998389972
40,290,0.637971534152416,2.3732836571409903,3.7678921368429567e-4,0.10268779723066292,0.42139000990052117
50,290,0.6955925495853762,1.6427929722492476,2.0127774370172851e-4,0.1026736339947524,0.5043131951749458
60,290,0.7572685471616688,2.1324335535642076,4.018341836125553e-4,0.10265907373949723,0.4779928554221287
70,290,0.8229626443352577,2.94446472300401,9.10751051743151e-4,0.1026442453956121,0.4424188910220826
80,290,0.8925206405937193,2.0536281780198524,4.898986731433857e-4,0.10262975613743025,0.5265854667332507
90,290,0.9656317976963171,2.629038136146474,9.401057267004715e-4,0.10261507633812873,0.5000953353822591
100,290,1.0417812166023905,2.879751879642242,0.001293944858053297,0.10260068504893069,0.5024067069065058
110,290,1.1201943028906967,1.7836069357028475,5.345737010711323e-4,0.10258727826801842,0.6221314261006693
120,290,1.1997760366384767,1.8896811340996131,6.776756571151324e-4,0.10257415978693109,0.6304367394377051
130,290,1.2790516898138302,0.6900881254139117,9.09570674632918e-5,0.10256190831170457,0.9449699127345398
140,290,1.356121759299375,2.6427909641320575,0.001686029604938716,0.10254945129839725,0.5924007424397352
150,290,1.4286520066759172,1.9353117737644758,9.56729834474606e-4,0.10253927999961991,0.6824355268377383
160,290,1.4939275341366245,2.033408747370965,0.0011446007460482847,0.1025304407136697,0.6853459514930393
170,290,1.549002326033812,2.010648416466577,0.001188285874509988,0.10252341481798402,0.7008881459917126
180,290,1.5909636715763713,1.7493353829960314,9.278602760465101e-4,0.10251871383102872,0.7479289619614878
190,290,1.6172963694284723,2.1699225193036793,0.001499992162355007,0.10251582546151802,0.6964002055311103
200,290,1.6262786389623964,2.401553169927762,0.0018735895539310436,0.10251550732745736,0.6726438929081157
210,290,1.6172963694284723,1.7936546953998567,0.0010053025351612432,0.10251840957236102,0.747201202696525
220,290,1.5909636715763713,0.7814390953400594,1.706690705275152e-4,0.10252370628564518,1.0075372630817907
230,290,1.549002326033812,2.3170352511164536,0.0016003879987373918,0.10252966214148698,0.6650740128417635
240,290,1.4939275341366245,2.33297724383563,0.0015272814683768576,0.10253826431767467,0.6513834070080061
250,290,1.4286520066759172,2.5923694471089576,0.0017673934438938949,0.10254859983251899,0.612517244562445
260,290,1.356121759299375,2.6140588580267714,0.001647061813799403,0.10256079533841733,0.5947911463161121
270,290,1.2790516898138302,2.2681367508316916,0.0011073172891780023,0.10257467746021438,0.6086085599420601
280,290,1.1997760366384767,2.121791021062613,8.63925603427089e-4,0.10258961239138396,0.6039892275055814
290,290,1.1201943028906967,2.778875307446793,0.0013560621780782365,0.10260518351003824,0.5280434140056597
300,290,1.0417812166023905,2.113194187719631,6.748285186915722e-4,0.10262170942953512,0.5633046977777368
10,280,0.5090248452743746,1.6696789195434256,1.2300119718009327e-4,0.10272188830157095,0.42824109355025414
20,280,0.5579548693128837,2.205478401973231,2.576649725305354e-4,0.10270775037972979,0.40467141735164014
30,280,0.611075315355796,2.4568104793567227,3.7681651199622393e-4,0.10269328586735717,0.4070941667471222
40,280,0.6686062073889046,1.3689156577639041,1.2836137683197577e-4,0.10267865948036746,0.5288339360937558
50,280,0.7307340962109387,2.176435336400705,3.9498083815622614e-4,0.10266353211761746,0.4659386631025761
60,280,0.7975927193766738,1.5666501667998696,2.2949814245441685e-4,0.10264816908364281,0.5499186366250759
70,280,0.8692370630195594,2.071793160382121,4.773147285472678e-4,0.10263238629436151,0.5179227524017265
80,280,0.9456089674175243,2.731812404941839,9.83667285859419e-4,0.10261643595008475,0.4878721530675306
90,280,1.0264921501479016,1.8702513265571363,5.096923478729014e-4,0.10260087311757154,0.5849638482007414
100,280,1.1114544952447627,2.2250396274344695,8.396230711301664e-4,0.102585272384656,0.5710288919961242
110,280,1.1997760366384767,2.25659736152191,9.839803983832944e-4,0.1025702782134329,0.5904034671134086
120,280,1.290362918814546,1.9461732980503834,8.153034012506796e-4,0.10255589475645595,0.6469346343428
130,280,1.3816518551789116,2.211918754169968,0.0011973440640030187,0.10254183190202294,0.6386796787243438
140,280,1.4715177646857693,1.7469651436576505,8.111820169010484e-4,0.10252877930063677,0.7194200690271197
150,280,1.5572107620956448,2.7074484902521085,0.0022406384384987582,0.10251629687248384,0.6295493059059106
160,280,1.6353668791912164,1.189225501786146,4.3215711379802424e-4,0.10250708952444156,0.8747172610148006
170,280,1.7021531127423328,2.483905804326743,0.0021726958909854036,0.10249811881381177,0.6797762119951989
180,280,1.7536042406041352,1.7328231318943563,0.0010722207460373725,0.10249309719185766,0.7883356191884988
190,280,1.7861609327008288,1.9611800129396513,0.0014345292548569011,0.10248995375927411,0.7600850123747785
200,280,1.7973158564688863,2.1583037606376685,0.0017727354376728972,0.1024896042919931,0.7359459750271625
210,280,1.7861609327008288,2.7485861120931814,0.0029150378682055163,0.102491910999627,0.6709018830960481
220,280,1.7536042406041352,2.1726727589616273,0.001724217289332877,0.10249802372724824,0.7250772499116228
230,280,1.7021531127423328,1.9750337022675564,0.0013418837223697663,0.1025058025991503,0.7399015081373983
240,280,1.6353668791912164,2.256074027762268,0.0016585523651473431,0.10251541284564364,0.6903035122736375
250,280,1.5572107620956448,2.1531746079913376,0.0013842079494054231,0.1025273365501745,0.6851826149339572
260,280,1.4715177646857693,1.7734305914467239,8.368327696519868e-4,0.1025411431662914,0.7154199889086935
270,280,1.3816518551789116,1.9007517869112835,8.702832016288369e-4,0.10255626432220556,0.6754924097515933
280,280,1.290362918814546,2.57711773702799,0.0014697976895127185,0.10257244144156522,0.5831217068980253
290,280,1.1997760366384767,1.634264071102593,4.99201040272816e-4,0.10259003715110608,0.6651982625940402
300,280,1.1114544952447627,2.4290787561317204,0.0010087345396339723,0.10260761022960622,0.5527853847444887
10,270,0.5280568598248195,3.0174826503561896,4.5367935744638067e-4,0.10271525215518422,0.3505099640288189
20,270,0.5798264580556286,1.9069715093402562,2.0255789374071622e-4,0.1027005924268861,0.4353905549412344
30,270,0.6362375558048302,3.238621919322374,7.207533280900564e-4,0.10268535679244918,0.37511961160784923
40,270,0.6975852444161886,1.622242691231929,1.9699498249228735e-4,0.1026700881281902,0.5073996526992391
50,270,0.7641431222251347,1.0437807076024803,9.097029861930167e-5,0.10265430482514365,0.6253502021067644
60,270,0.8361450107287753,1.9029504725143234,3.7396016328185224e-4,0.10263790363297479,0.5240990803845057
70,270,0.9137594327033686,1.5268674426878308,2.73518641717373e-4,0.10262124997167951,0.5945899337086674
80,270,0.9970543092607549,1.4831562042912365,2.9814825429636205e-4,0.10260433397572213,0.6280496842974908
90,270,1.0859485884213906,1.7511206497961156,4.881726284874487e-4,0.10258731809946871,0.616644897322872
100,270,1.1801467551864842,2.650651171409584,0.0013421185161483753,0.10257031285538407,0.5516858821179608
110,270,1.2790516898138302,1.5516515429088,4.99137115430278e-4,0.10255444832170962,0.700344580322207
120,270,1.3816518551789116,1.7782480583031657,7.57113195741544e-4,0.10253853316789108,0.6923544845711942
130,270,1.4863818338969548,1.8571327756644762,9.382939719430089e-4,0.1025232193662877,0.7069138098840312
140,270,1.5909636715763713,2.200138420893573,0.0015026000293368155,0.10250837744681583,0.6871441914372116
150,270,1.6922547890895878,2.5987473167736885,0.0023661165696622997,0.10249456955336964,0.6665506412970013
160,270,1.7861609327008288,1.9029112160882138,0.0013467716017033261,0.102483506921746,0.768615511924504
170,270,1.8677174130144825,2.7920204935162256,0.0032496650434574214,0.10247318847846901,0.6822267360025321
180,270,1.931473865180961,2.017052441632488,0.0017369536966273147,0.1024675116957261,0.7825119532426478
190,270,1.9722747655809592,2.3132949641658658,0.002399576236723452,0.1024638211768264,0.751736104046757
200,270,1.986341215165638,1.9628230541541696,0.00171957441178766,0.10246420783168432,0.8016832989665601
210,270,1.9722747655809592,1.9764834900505697,0.0017238776006521142,0.10246764417803393,0.7967663720007699
220,270,1.931473865180961,1.2163207702647605,6.0005031654549e-4,0.10247443357714875,0.9434289782410726
230,270,1.8677174130144825,2.1866525742348992,0.0019440817792963157,0.10248213422479485,0.7467379823058427
240,270,1.7861609327008288,1.6844998717844497,0.0010420751340257097,0.10249352816989041,0.8040455977355394
250,270,1.6922547890895878,1.5080133533448024,7.538539378895456e-4,0.10250684549968996,0.8151158754391982
260,270,1.5909636715763713,2.362396495001441,0.0017440493490380603,0.10252126379559941,0.6692899442088822
270,270,1.4863818338969548,2.5001966159313858,0.0017514037840484964,0.10253799649597112,0.6333037463508333
280,270,1.3816518551789116,0.8717881034056973,1.692334736181674e-4,0.1025568563749567,0.901125231509384
290,270,1.2790516898138302,2.573065131629672,0.0014432848547788345,0.10257513364934884,0.5808746660519583
300,270,1.1801467551864842,1.2216335070066675,2.634218997338708e-4,0.10259478864604754,0.7346245469666642
10,260,0.5454241536683997,2.154721989811008,2.361603577527672e-4,0.10270939294127909,0.40352135712894033
20,260,0.59985205151454,1.3029935797633516,9.637233085712084e-5,0.10269416154923286,0.5098878860497219
30,260,0.659362858186423,2.078887520773689,3.0163680108949756e-4,0.10267836799820551,0.44996503780780683
40,260,0.7243313048046032,1.9747959526149443,3.1729851179057274e-4,0.1026622412623711,0.4808553263101475
50,260,0.7951256861635194,1.1324105699978875,1.1545310478476749e-4,0.10264572424283559,0.6190762474513407
60,260,0.8720920837193777,1.1499505257235585,1.3936174471058084e-4,0.10262855380074228,0.6449375046742873
70,260,0.9555313123379301,2.1996205439049272,6.351309437330776e-4,0.10261071365331421,0.5313606996989163
80,260,1.0456655520698137,2.359773803298216,8.571773346732973e-4,0.10259262549589591,0.541816816135143
90,260,1.142590385287115,2.908413866710407,0.0015445177398533498,0.10257428857492402,0.524451926113535
100,260,1.2462063070626308,2.374700074766268,0.001168056260236716,0.1025565411816222,0.590580679950591
110,260,1.356121759299375,1.3090830604837578,3.8553985284406475e-4,0.10253938316030739,0.7681212645022942
120,260,1.4715177646857693,2.5917168833996493,0.0018582890415536025,0.10252166053275692,0.6217954807615893
130,260,1.5909636715763713,1.3104580205364977,5.059859907362524e-4,0.10250583888042485,0.8322475901572295
140,260,1.7121779647609394,1.3367610783143578,5.971998047666548e-4,0.10248991566047994,0.8573314361543769
150,260,1.8317456028368113,1.9414643129476385,0.0014659934447772802,0.10247454255415729,0.772701388119904
160,260,1.9448485467177379,1.7001104320292413,0.0012273075944735322,0.10246159727310959,0.8364799269520827
170,260,2.045155790711127,2.512685217502671,0.003035818599042717,0.10245006107819005,0.7425785322008711
180,260,2.1251424365318714,1.9054930719164707,0.0018113903259212986,0.10244326784052268,0.8386199126004195
190,260,2.177153104732128,2.4636424402723285,0.003236897314963019,0.10243847303705897,0.7719863183881476
200,260,2.1952465443761056,2.0538148988273064,0.002239546773704065,0.10243902729010965,0.829158762586273
210,260,2.177153104732128,0.9219493258444935,4.104442714797429e-4,0.1024439431715291,1.110301694589254
220,260,2.1251424365318714,1.0422461961249543,5.097952799069816e-4,0.10245064237502956,1.0482107701424155
230,260,2.045155790711127,1.7839862812491447,0.0014778693668514769,0.10245922963615657,0.8428220664246434
240,260,1.9448485467177379,1.798878153796121,0.0013813913791083801,0.10247151651876567,0.8191849143058764
250,260,1.8317456028368113,1.7582950499030783,0.0011899435625599487,0.10248642466376028,0.8015267222007907
260,260,1.7121779647609394,2.479825210638913,0.002186334849892872,0.10250238428161529,0.6822026584912333
270,260,1.5909636715763713,2.0959235152863567,0.0013563318226621278,0.1025210568500717,0.6995728352264257
280,260,1.4715177646857693,1.8066853493475363,8.701372399008649e-4,0.10254121744289314,0.7105224111763361
290,260,1.356121759299375,0.8925733620893512,1.7230117313587798e-4,0.10256201178025527,0.8849415513176871
300,260,1.2462063070626308,2.023574891043638,8.338045869908598e-4,0.1025823458025515,0.6265534644528226
10,250,0.5607983366375876,2.3038007793952553,2.8485098962797176e-4,0.10270414385095719,0.39922145499702455
20,250,0.6176336429251011,1.586251212346011,1.5305279768381883e-4,0.10268838242980918,0.48115747277964
30,250,0.6799675833128617,2.3749887891688153,4.202800138363664e-4,0.10267201818992444,0.4350484882952262
40,250,0.7482552616714946,2.1560573033161488,4.031071336749307e-4,0.10265524499690101,0.473186665131775
50,250,0.8229626443352577,1.719359361277966,2.94212246975554e-4,0.10263794758425693,0.5397902466346924
60,250,0.9045546882069737,2.254457909939479,6.097707913884402e-4,0.10261988875248404,0.5121826947428404
70,250,0.9934769017827111,1.6873418679391021,3.886296307083509e-4,0.10260144977084013,0.5977184963344383
80,250,1.0901271721360504,2.3289433433365,8.946033123318542e-4,0.10258233214238366,0.5560172979514013
90,250,1.1948130907791694,2.0186500263683205,7.734053413019059e-4,0.10256326191167012,0.613957700162985
100,250,1.3076875814070317,2.3234711396420527,0.0012103647452720574,0.10254399584517566,0.6100049250959849
110,250,1.4286520066759172,2.6509906269484436,0.0018540203141274119,0.10252491425472203,0.6074927182692652
120,250,1.5572107620956448,2.1540201088415123,0.0013864019259750857,0.10250676104859878,0.6851016465721383
130,250,1.6922547890895878,1.6970819179962988,9.668022998241276e-4,0.10248922294994255,0.7803010732920647
140,250,1.8317456028368113,1.715919421372958,0.0011311030973878515,0.10247182647914148,0.8088048606419748
150,250,1.9722747655809592,2.2744131133982184,0.0023163899695501505,0.1024549122034729,0.7564712813388115
160,250,2.10851084440632,2.305004959451726,0.002666797670367715,0.10244027835305881,0.778540865265644
170,250,2.232672216929866,1.981366803664396,0.00213746074724943,0.10242875704766902,0.8474458792071238
180,250,2.3344536489103263,1.716702570734413,0.001705098306050153,0.1024205285352717,0.9139076015344052
190,250,2.40221783789626,2.29496242454472,0.003293076008707483,0.1024148317084191,0.8328241505865466
200,250,2.4261226388505337,1.9234803953416744,0.002310576920523909,0.10241482980129718,0.8934633045432561
210,250,2.40221783789626,2.2379289173440498,0.0031231374574645955,0.10241794731752195,0.8406062537211967
220,250,2.3344536489103263,1.5917503395150034,0.001454485354071436,0.10242615815904034,0.9397974136498809
230,250,2.232672216929866,2.376705231996623,0.003131674150631671,0.10243561163769213,0.7923081450744776
240,250,2.10851084440632,2.464305478626031,0.0030677096573378843,0.1024494996962699,0.7595302634518261
250,250,1.9722747655809592,1.1390972878913503,5.41636271346688e-4,0.10246761820760009,0.9768404906848428
260,250,1.8317456028368113,2.185203776926447,0.0018787365311750783,0.1024851895993311,0.7396298635169146
270,250,1.6922547890895878,3.0341081908605605,0.0032748713169978585,0.10250450208410627,0.6294419112342287
280,250,1.5572107620956448,1.9226894355373967,0.0010912124397250153,0.10252692958633303,0.7144751225866657
290,250,1.4286520066759172,2.300371642261211,0.0013749824310969774,0.1025489002419872,0.640188184371687
300,250,1.3076875814070317,1.525822359057418,4.997988125095832e-4,0.10257132468467013,0.7126004024282393
10,240,0.5738688329645759,2.021377616174164,2.2500061318703486e-4,0.10269965961025379,0.4238987833181656
20,240,0.6327913510689419,3.107310433666637,6.54774147328989e-4,0.1026832895851449,0.3798639629827543
30,240,0.6975852444161886,1.9786027822847738,2.9901500067965866e-4,0.10266661971179734,0.47148083948967995
40,240,0.7687819581662013,1.6427874837802587,2.383439110138332e-4,0.10264931297407823,0.5304218277150808
50,240,0.8469419620114287,1.778548692276343,3.3159776419008756e-4,0.1026312939418781,0.5408577167922988
60,240,0.9326478229692703,1.6861498258364918,3.4881453217599064e-4,0.10261261735551719,0.5791198911070642
70,240,1.0264921501479016,1.7714047967888022,4.5486998163015753e-4,0.10259328237489868,0.5968329604224781
80,240,1.1290575938871545,2.0556355580916565,7.30284698358581e-4,0.1025734321000481,0.5926822673832776
90,240,1.2408844233896585,1.8281935124242161,6.695176701381009e-4,0.10255346159187692,0.6491458445342808
100,240,1.3624184597276838,2.313044941599463,0.0012850335660796216,0.10253309024806026,0.6237920347587081
110,240,1.4939275341366245,2.344180486980809,0.001544166834232542,0.10251302775563761,0.6502521366377716
120,240,1.6353668791912164,2.0403954285540737,0.0013440056470355084,0.10249353709450922,0.716453444316883
130,240,1.7861609327008288,1.5756343849447005,9.062492003904474e-4,0.10247445750565848,0.8241760243562998
140,240,1.9448485467177379,2.0399905875526203,0.0018002781391239196,0.10245520212202944,0.7819756698445315
150,240,2.10851084440632,1.2918657210744195,7.902396727322254e-4,0.10243812662452803,0.9644004607555559
160,240,2.2718828480487687,1.3015725799289832,9.105755574504639e-4,0.10242212566875104,0.9986325055141706
170,240,2.4261226388505337,1.4090291399866994,0.001201861806378973,0.10240859094974121,1.0024397596283328
180,240,2.5576292766475883,1.8380813608998445,0.0022965453702091863,0.10239859276917553,0.9331195181630145
190,240,2.6484744594608687,1.8707474187778648,0.002527596740927967,0.10239332540327643,0.9435270090820407
200,240,2.6812801841425573,1.6412282721330334,0.0019601178274022903,0.10239248081568267,0.9964814924433297
210,240,2.6484744594608687,2.284827658718598,0.003846989258579335,0.10239458491270176,0.8762849282438818
220,240,2.5576292766475883,1.9721327183215516,0.002662132249193543,0.10240302281228561,0.9091405607479233
230,240,2.4261226388505337,1.961137753828566,0.0024066410548730967,0.102414760692589,0.8870811648499187
240,240,2.2718828480487687,2.2174931123176456,0.0027880981104659724,0.10243020551159313,0.8200563346394683
250,240,2.10851084440632,2.093443415047401,0.002177750438091785,0.10244929111501462,0.8067438653980658
260,240,1.9448485467177379,2.0644986655249085,0.0018450206002801485,0.10246981864910203,0.7785154478529306
270,240,1.7861609327008288,2.054856377214225,0.0015821802767347964,0.10249150776317696,0.74708274711158
280,240,1.6353668791912164,2.078711718828744,0.0013964937497473995,0.10251455385633512,0.7115222214877108
290,240,1.4939275341366245,1.33493582077267,4.72683120072161e-4,0.10253826467487549,0.8007226474692737
300,240,1.3624184597276838,1.3543826025672487,4.1699862535951593e-4,0.10256149114794356,0.7602717520442849
10,230,0.5843564954110891,2.783166783617463,4.542042446071031e-4,0.10269596099642161,0.38007998021129286
20,230,0.6449810141992613,2.4271454601269986,4.024246354026869e-4,0.10267934816828174,0.42022140817593145
30,230,0.7117893350827873,2.257702386792041,4.081995224320848e-4,0.10266215183570425,0.45361867547831125
40,230,0.7853799241352225,1.7501625707159991,2.822544633377692e-4,0.10264437588296574,0.5237626433458659
50,230,0.8663974790720007,1.7999807319548915,3.5335052950689503e-4,0.1026257935808408,0.5446730707258499
60,230,0.9555313123379301,1.6707185575993007,3.5644870569138596e-4,0.10260649433882273,0.588242194775634
70,230,1.0535105355216459,2.662515481002694,0.001118814928560099,0.10258624052948657,0.5201276677248994
80,230,1.161094010810581,2.4114006272310666,0.0010707164714438353,0.1025657580484779,0.5666578080553983
90,230,1.2790516898138302,2.1759343235601523,0.0010159749970948626,0.1025449930848623,0.618043567777172
100,230,1.4081315872586055,2.073957801727658,0.0010804414876692398,0.10252405547615151,0.6603767043275597
110,230,1.549002326033812,1.6501735423883548,7.851938624344459e-4,0.10250333070404188,0.7540270641267334
120,230,1.7021531127423328,1.133574408896894,4.1833290786443255e-4,0.10248263787617544,0.908536498864763
130,230,1.8677174130144825,1.7949168360646597,0.0012850803638743723,0.10246140271706053,0.8033051658769156
140,230,2.045155790711127,2.158042583443377,0.0022060081514693733,0.10244065548392337,0.7855611189045232
150,230,2.232672216929866,2.003911888672374,0.002189468679058765,0.10242142222815655,0.8439161712658291
160,230,2.4261226388505337,1.863500250010864,0.002162719208895266,0.10240337368307385,0.9040040127108306
170,230,2.617004367410142,2.863606007061539,0.006060901562225593,0.10238628157323323,0.8012631733474268
180,230,2.78915653681735,2.0398288092002375,0.0033088845614832455,0.1023777008047664,0.9379974185412799
190,230,2.9155736564400985,0.9586265857293819,7.296802565452209e-4,0.10237429380733208,1.2681386410262485
200,230,2.9632728827268715,2.0566811368810134,0.0037281983747086667,0.10237078213826335,0.964149250428964
210,230,2.9155736564400985,1.651993246099891,0.00228915605352429,0.1023748730847089,1.0369868197352197
220,230,2.78915653681735,1.790278751378757,0.002514965367493906,0.10238322089630554,0.9843583761569745
230,230,2.617004367410142,2.70624843795975,0.005380722138493797,0.102394403688678,0.8181750569880137
240,230,2.4261226388505337,2.027054122467872,0.002579851238775332,0.10241344704571902,0.8763055175977558
250,230,2.232672216929866,1.832774793812654,0.0018141770040222783,0.10243455158863726,0.8722214687929105
260,230,2.045155790711127,1.1653514206910942,6.041549810439785e-4,0.1024573342250292,0.9865433144176804
270,230,1.8677174130144825,2.660174726784593,0.0029349768445503066,0.10247933748335132,0.6945332746613084
280,230,1.7021531127423328,0.8661791736925697,2.3751924640057453e-4,0.10250486893702682,1.0035335743418445
290,230,1.549002326033812,2.0083460067290786,0.0011852047747563884,0.10252854432814752,0.7011804191045337
300,230,1.4081315872586055,2.3877724827027818,0.00145111608950105,0.10255251855015457,0.6268296663032061
10,220,0.5920270477740066,1.2434827781751299,8.54533745393504e-5,0.10269332556829111,0.5153552636348551
20,220,0.6539118866416294,1.4154384577309747,1.326605438128595e-4,0.10267643143574798,0.5165207993363127
30,220,0.7222167945202814,2.805905896379306,6.605036639769692e-4,0.10265873625616495,0.4216682377755575
40,220,0.7975927193766738,1.6325354682305935,2.5031384507728837e-4,0.10264064332565534,0.5416112903218496
50,220,0.8807510814194447,2.6144159403201157,7.958459135584708e-4,0.10262145702008946,0.47840719045361957
60,220,0.9724669377368568,2.5041929296905376,8.593123012802129e-4,0.10260165480521856,0.5109958776246366
70,220,1.073580922392002,1.9792985084414292,6.195329705252151e-4,0.10258127231561903,0.5859514302307803
80,220,1.1849989103611862,2.4300515257104247,0.0011263456585233133,0.10255997157575904,0.570886040926164
90,220,1.3076875814070317,2.580137257763354,0.001508714656906519,0.10253831424961805,0.5868282377232803
100,220,1.4426626351767455,2.4582658195964924,0.0016088171836582627,0.10251660248686086,0.6277733548210456
110,220,1.5909636715763713,1.3914611072995315,5.74158694893102e-4,0.10249517551995949,0.8140056943898825
120,220,1.7536042406041352,2.475213353842964,0.0022696026793645554,0.10247232651655162,0.690978310568007
130,220,1.931473865180961,2.2599942034045806,0.002207098547795346,0.102450498851163,0.7503066182482402
140,220,2.1251424365318714,2.0663128190545232,0.0021486360759089885,0.10242923445712009,0.8138834614284227
150,220,2.3344536489103263,1.3804903602857759,0.0010791048327573334,0.1024090984957124,0.9906260940544489
160,220,2.5576292766475883,2.815963111676553,0.005629507505693773,0.10238680867180432,0.796973119234839
170,220,2.78915653681735,2.0850744093313867,0.0034657555457722,0.102371476710705,0.9304269805356487
180,220,3.014553265775059,2.462155141445567,0.005602549112707424,0.10235918706186281,0.9099397197108863
190,220,3.1985179547081417,1.6234039219007381,0.0025803113193414973,0.10235493133793576,1.093627243148119
200,220,3.2749230123119273,1.6497255963215398,0.0027771969270955583,0.10235311254218435,1.100162535771362
210,220,3.1985179547081417,2.3445822341899465,0.005585352933209084,0.10235476199260293,0.9546480214337847
220,220,3.014553265775059,1.2459037759704252,0.0013389604231154968,0.10236694198949164,1.1705529328428133
230,220,2.78915653681735,2.246626007202303,0.004052782058891399,0.10237966043679732,0.9050954576384451
240,220,2.5576292766475883,1.7311842411971115,0.0020248155899835543,0.10240000570765577,0.9540207948077577
250,220,2.3344536489103263,1.7139007718440915,0.001699142539035603,0.10242235641699256,0.9144575300694798
260,220,2.1251424365318714,2.2661022685044445,0.0026068170810835452,0.10244552695276046,0.7865605673671563
270,220,1.931473865180961,2.2064072267332393,0.002097039296575947,0.10247052099113721,0.7569736310339413
280,220,1.7536042406041352,1.3014443058407423,5.87535660859938e-4,0.10249655052085209,0.8763537292200226
290,220,1.5909636715763713,2.3150684966031725,0.0016714766063156733,0.10252090782577515,0.6743171363061911
300,220,1.4426626351767455,2.662865273311889,0.0019010012073615234,0.10254570934036521,0.6094646557486483
10,210,0.5967032260851403,2.0747118579379116,2.538384390828731e-4,0.10269139117807777,0.4281825580080632
20,210,0.659362858186423,1.66874738852731,1.9012663263245485e-4,0.10267438810183964,0.48805629503775066
30,210,0.72858988632618,1.6908281064284771,2.3130858528463307e-4,0.10265665306495102,0.5107762268777587
40,210,0.8050687567749008,1.6622803473773449,2.641240185198635e-4,0.10263819049882483,0.5405459190907335
50,210,0.889553812071463,1.415542964360033,2.2302615683583206e-4,0.102618942243352,0.6032491603072347
60,210,0.9828757912427326,2.562854762382743,9.185374311316717e-4,0.10259864003318522,0.5093686055061045
70,210,1.0859485884213906,1.828122587015614,5.345471086114003e-4,0.10257798362735414,0.6069181794191425
80,210,1.1997760366384767,2.3998631090760734,0.001120397184610841,0.10255622224083076,0.5771286779788702
90,210,1.325458264180249,2.5696319150341114,0.0015303983209996718,0.1025340913862376,0.5917308629413282
100,210,1.4641967506178695,1.8606700421700162,9.189220253357109e-4,0.10251198530796278,0.701090988659874
110,210,1.6172963694284723,2.8444111466394055,0.002651406563659978,0.10248852220313912,0.6301025901299864
120,210,1.7861609327008288,2.533564123144951,0.0024589013708613983,0.10246574817181801,0.6914402472140022
130,210,1.9722747655809592,2.0254485450184383,0.0018164340358946085,0.1024435992285467,0.7896143104775466
140,210,2.177153104732128,2.0877142933068593,0.002287388629687633,0.10242129958772545,0.8207421026401556
150,210,2.40221783789626,1.9227589048299814,0.002271921637291306,0.10239969509000095,0.8891547317735745
160,210,2.6484744594608687,2.38910005371292,0.0042277021055587335,0.102377923727735,0.8619633505034575
170,210,2.9155736564400985,2.885786238838655,0.007393912562857511,0.10235879374269914,0.8437403172121409
180,210,3.1985179547081417,1.8989898389956965,0.003587807232510667,0.1023488196904405,1.0320350227464907
190,210,3.4724937815783394,2.6219417628842105,0.00811543419537782,0.10233845103595733,0.9547613589526659
200,210,3.619349672143838,1.9789613147703846,0.004817858675980929,0.10233837035832868,1.0817898863787079
210,210,3.4724937815783394,2.248124762043334,0.00587396764413466,0.10234085309185156,1.0106332819318016
220,210,3.1985179547081417,2.560115845540968,0.006719862947402724,0.10235040010045535,0.9241097648664747
230,210,2.9155736564400985,2.3697491670362028,0.0048862902114825465,0.10236773285640154,0.9074861186787896
240,210,2.6484744594608687,2.3743577188933886,0.004171437397351749,0.10238859626761966,0.8639262411489148
250,210,2.40221783789626,2.2334737940872045,0.0031106884353016176,0.10241273770102337,0.8412315971847032
260,210,2.177153104732128,2.247530392866972,0.002669133819402992,0.10243807700190953,0.7986425703950191
270,210,1.9722747655809592,1.198301351183417,6.025306332852753e-4,0.10246500304568565,0.9587133069105707
280,210,1.7861609327008288,1.5239985791155473,8.444738409154531e-4,0.10249070771707774,0.8343750284275632
290,210,1.6172963694284723,1.8646583899257214,0.0010908255124749946,0.10251607401522357,0.7365543181832933
300,210,1.4641967506178695,1.932678113998361,9.941373945244805e-4,0.10254166734467277,0.6912900036371181
10,200,0.5982744768905403,2.071333702438989,2.541009492890982e-4,0.10269037683926041,0.4290096585577573
20,200,0.6611955528863461,1.5506966200002572,1.6373642001065667e-4,0.10267332232156916,0.5021805288619582
30,200,0.7307340962109387,1.1766224730785662,1.0853028817389934e-4,0.10265556134332661,0.5849195505226246
40,200,0.8075860719786215,1.9533222355797875,3.7265948159333223e-4,0.1026369122789775,0.5100454112069954
50,200,0.8925206405937193,1.537305906133253,2.6674464450594484e-4,0.10261761359924891,0.5861055519804673
60,200,0.986387855766426,1.6495196677959765,3.6617519039811963e-4,0.10259745178418624,0.6005805434364812
70,200,1.0901271721360504,1.421459505792775,3.171405620904206e-4,0.10257653672697957,0.6673821472477481
80,200,1.2047768476488085,2.5774311041923084,0.0013108826070261656,0.10255444408605914,0.5632770638620362
90,200,1.3314843347923182,1.5987016391629054,5.690482597339558e-4,0.10253257871666469,0.7068458252250316
100,200,1.4715177646857693,2.300436711136731,0.0014472085886674123,0.1025095731223297,0.6498288408129644
110,200,1.6262786389623964,1.9228021770171793,0.001175669891372025,0.10248660719873003,0.7303039294432625
120,200,1.7973158564688863,2.508242746604066,0.0024331265870840123,0.10246300726892978,0.6961974881895816
130,200,1.986341215165638,2.3025677354500944,0.0024069199344491825,0.10244008076057215,0.7557558160771289
140,200,2.1952465443761056,2.05963026837147,0.002254673428745405,0.10241758789313621,0.8283156735732621
150,200,2.4261226388505337,2.448320259485259,0.0038385177148878742,0.10239511957789965,0.8172324512089721
160,200,2.6812801841425573,1.9400182110805921,0.0027871029340466595,0.10237549414643742,0.9367454978135256
170,200,2.9632728827268715,2.8933392585417668,0.007641166441606696,0.1023553211616072,0.849854289871808
180,200,3.2749230123119273,1.60487385303206,0.002621663558750667,0.10234569355157823,1.1114431835924417
190,200,3.619349672143838,2.0072977504857215,0.004964399825876936,0.10233581110010387,1.0761216560012157
200,200,4,1.2802986577181392,0.0022833840922019733,0.1023347683326684,1.3365066361147415
210,200,3.619349672143838,2.3364281216776983,0.006830005756788156,0.10233434120346689,1.0173743914656672
220,200,3.2749230123119273,2.8666792256510796,0.008869346882025371,0.10234365230109557,0.8968809756648116
230,200,2.9632728827268715,1.916032208619361,0.0032134860908342197,0.10236405033108276,0.9897444868385722
240,200,2.6812801841425573,2.9097841645386855,0.006529781261390375,0.10238283498418667,0.8063460679779887
250,200,2.4261226388505337,1.7307690205399298,0.0018513559564611523,0.10240920546915595,0.9290356286594537
260,200,2.1952465443761056,1.3243595986477725,8.910319727167265e-4,0.10243531151944928,0.975208017201589
270,200,1.986341215165638,2.037629161175824,0.0018603792349259766,0.10246080974315189,0.7906760592004035
280,200,1.7973158564688863,1.95338532466529,0.0014376878531325535,0.10248718029495821,0.7636010425023618
290,200,1.6262786389623964,2.4916448434773555,0.00202449674896344,0.10251289003276866,0.6635489579251845
300,200,1.4715177646857693,2.1255523274097747,0.0012243815194362098,0.10253920652191932,0.6690809867839325
10,190,0.5967032260851403,1.286032044259482,9.294326318368542e-5,0.10269028637957742,0.5110088920689165
20,190,0.659362858186423,2.106439191323096,3.1015612474608696e-4,0.10267314330109557,0.44778294434825555
30,190,0.72858988632618,1.0741299951469192,8.917760884972482e-5,0.10265545652222076,0.604070251719847
40,190,0.8050687567749008,1.6733259424150044,2.678376366145932e-4,0.1026368708292736,0.5392247869557141
50,190,0.889553812071463,1.994710600774681,4.584724488840644e-4,0.10261751110836864,0.5313994024324764
60,190,0.9828757912427326,1.5169220298826942,3.052291200580458e-4,0.10259751248986927,0.6183678043847612
70,190,1.0859485884213906,1.6521421770209215,4.3217452080652883e-4,0.10257662850842666,0.6300634074457081
80,190,1.1997760366384767,2.4678633253989113,0.0011881987991434171,0.10255471283451241,0.5711981065908316
90,190,1.325458264180249,2.3367278238484657,0.0012535498786157254,0.10253261374421285,0.6128890920197476
100,190,1.4641967506178695,2.149013031381042,0.0012438205962305615,0.10251010226680894,0.664722605934985
110,190,1.6172963694284723,3.0650197656230764,0.0031021486631961845,0.10248645583342302,0.6129393235611432
120,190,1.7861609327008288,1.135774398575251,4.5576484719144633e-4,0.10246474015197664,0.9302295324804757
130,190,1.9722747655809592,1.9369461651503843,0.0016538497713780816,0.10244107744745606,0.8027695895534172
140,190,2.177153104732128,2.3147011281269245,0.002841591944403409,0.10241793290258405,0.7900145763105731
150,190,2.40221783789626,2.1260224480891354,0.0028062372003688795,0.10239695011108171,0.8567260972607124
160,190,2.6484744594608687,1.5483823936093042,0.0016997550110042746,0.1023786672359491,1.0118884851817516
170,190,2.9155736564400985,1.5524155970008784,0.002009845608006234,0.10236174871584568,1.061118816819771
180,190,3.1985179547081417,1.6454639165959646,0.0026551885575264683,0.10234816233066654,1.0881926898717877
190,190,3.4724937815783394,1.7380635568847547,0.003421215388824503,0.10233912288229427,1.1115158743807418
200,190,3.619349672143838,1.9323757688132157,0.004583219254983741,0.10233517451624582,1.0913650688469896
210,190,3.4724937815783394,2.4574917158871346,0.007083329841840175,0.10233693059755829,0.9779059121094049
220,190,3.1985179547081417,1.665396826133932,0.0027229891293036636,0.10235037664786516,1.0833554997429735
230,190,2.9155736564400985,1.4152380849913224,0.0016544700653463292,0.10236768198368273,1.098035910740574
240,190,2.6484744594608687,2.174844337519942,0.0034693355843304517,0.10238608048526855,0.8924258475621142
250,190,2.40221783789626,2.447866527725039,0.0037717978356140557,0.10240874621799245,0.8132036982289111
260,190,2.177153104732128,2.5506057933109303,0.0034821988400396886,0.10243385189294554,0.7621522566500488
270,190,1.9722747655809592,2.474709543490083,0.0027652541033848003,0.10246007072289068,0.73322360742921
280,190,1.7861609327008288,1.521059961696773,8.411642196623452e-4,0.10248723969664897,0.8349744887435231
290,190,1.6172963694284723,1.9397438578872643,0.0011852823979088527,0.10251311407623036,0.7258837917163639
300,190,1.4641967506178695,2.1337661235527645,0.0012240461738767766,0.10253904723568469,0.6664495971147332
10,180,0.5920270477740066,1.498085840526525,1.263915926778023e-4,0.10269098401102554,0.4810570455775559
20,180,0.6539118866416294,1.7498836487096585,2.0716039961343955e-4,0.10267396973163588,0.4775608431303617
30,180,0.7222167945202814,2.161837906150227,3.819392683060714e-4,0.10265628626601657,0.46435082612085243
40,180,0.7975927193766738,1.873407689037982,3.342677803417187e-4,0.1026379492822803,0.5147419111396511
50,180,0.8807510814194447,1.8203319537658424,3.7202197150659934e-4,0.1026188132611413,0.5469309244179192
60,180,0.9724669377368568,2.856090660951426,0.0011328300760620272,0.10259872312225736,0.4867488179713077
70,180,1.073580922392002,1.8017111796467007,5.085586768983132e-4,0.10257841077521375,0.6066785235141523
80,180,1.1849989103611862,2.0473094124957845,7.858669961465833e-4,0.10255702981814949,0.6082360739291746
90,180,1.3076875814070317,2.508273311324965,0.001421954707727546,0.10253508857680743,0.5929920764547091
100,180,1.4426626351767455,1.035162857239775,2.614783033396078e-4,0.10251367180906248,0.8643493578336494
110,180,1.5909636715763713,1.4116937242711758,5.919289246048995e-4,0.10249102020945469,0.8096768241808493
120,180,1.7536042406041352,1.950737045080489,0.0013764582812471056,0.10246800090115532,0.7545776810830492
130,180,1.931473865180961,2.4296257844356206,0.0025700929646357896,0.1024446747981441,0.7304998947385405
140,180,2.1251424365318714,2.5243123264271805,0.003272916574014465,0.10242235720436432,0.755818759436182
150,180,2.3344536489103263,2.0105850317765355,0.00237801323353477,0.10240246562318481,0.8620605204845209
160,180,2.5576292766475883,1.733798756655211,0.0020324158577888734,0.1023844055494436,0.953508142244716
170,180,2.78915653681735,1.192017825420094,0.0010707090703965406,0.10236903831050907,1.1441232882960006
180,180,3.014553265775059,2.77000625891356,0.007177648405395106,0.10235256146085911,0.8711604030802943
190,180,3.1985179547081417,2.1162601475628167,0.0045051156338535275,0.10234633684478874,0.9915178564233966
200,180,3.2749230123119273,2.3551420428880556,0.005869100649734146,0.10234291467570092,0.9644898258634951
210,180,3.1985179547081417,1.219259794587555,0.0014143513480198023,0.10234973424521779,1.2157468877831943
220,180,3.014553265775059,2.669511474773441,0.006640469564829996,0.10235674287007498,0.8831405178844853
230,180,2.78915653681735,2.004347391854892,0.0031895579992762967,0.10237403436562335,0.944107574143079
240,180,2.5576292766475883,2.447763090577686,0.004193039631894297,0.10239238095938272,0.8393487690083672
250,180,2.3344536489103263,2.371483400877188,0.003362366597195391,0.1024145945455638,0.8109998748471466
260,180,2.1251424365318714,1.8888765743427345,0.001778637064583994,0.10243912244266173,0.8413447283045037
270,180,1.931473865180961,1.8624297777189947,0.0014691768785416758,0.1024641896561661,0.8059348503976045
280,180,1.7536042406041352,2.2805783792891683,0.0019096435799326951,0.10248952383523863,0.7122060776079444
290,180,1.5909636715763713,2.0711714408664927,0.0013231755947077603,0.10251540331687953,0.7026577291015486
300,180,1.4426626351767455,2.443239944419739,0.001586801124218909,0.10254096542364627,0.629178015719028
10,170,0.5843564954110891,2.2949184746768188,3.029111456820082e-4,0.10269248428851498,0.40817977481324297
20,170,0.6449810141992613,2.655979068300589,4.8634815690774965e-4,0.10267564301928336,0.40645500264825807
30,170,0.7117893350827873,1.6618393206778816,2.1446603162736792e-4,0.10265834227482784,0.5080404345076625
40,170,0.7853799241352225,1.733494931432626,2.7667871903582934e-4,0.10264027322603758,0.5256219072587767
50,170,0.8663974790720007,2.2884114782894893,5.852247693770621e-4,0.1026214078309173,0.4984093353652747
60,170,0.9555313123379301,1.8937292749089765,4.6385801511285784e-4,0.10260201826373468,0.5616154387882776
70,170,1.0535105355216459,1.452905725925621,3.1346605744864386e-4,0.10258198006354113,0.6506932572773809
80,170,1.161094010810581,2.1030020726826586,8.033383010621206e-4,0.10256099705223506,0.5960704373338856
90,170,1.2790516898138302,2.594497860021908,0.0014705838629242977,0.10253957675239732,0.5791227822385796
100,170,1.4081315872586055,0.8511751114075514,1.6638744252004612e-4,0.10251878554370555,0.917922907328224
110,170,1.549002326033812,2.569456211841568,0.0019911693228247536,0.10249613280863143,0.6401536472020851
120,170,1.7021531127423328,1.7894886734587745,0.0010919513521626613,0.10247459416175703,0.7674211212885748
130,170,1.8677174130144825,2.1581715129019527,0.0018933414264651264,0.10245242051238083,0.7503959069013277
140,170,2.045155790711127,1.7401808811287571,0.0014040942664788273,0.10243158058501738,0.8506362155382455
150,170,2.232672216929866,2.0479864787947055,0.0022927224129021453,0.10241125554896893,0.8371659501985216
160,170,2.4261226388505337,2.7721111497008906,0.004983523238669692,0.10239209315201625,0.7805527092138137
170,170,2.617004367410142,2.7845884984211686,0.005716847610132992,0.10237697405003549,0.8096060712843863
180,170,2.78915653681735,2.2910631744053545,0.004225035785231012,0.10236676942375435,0.8985796067477839
190,170,2.9155736564400985,0.7370619274273513,4.2025601587539034e-4,0.10236289970446667,1.3975851928282603
200,170,2.9632728827268715,2.6067992547462397,0.006137377903695854,0.10235694245578326,0.8832630921544017
210,170,2.9155736564400985,2.782323012234157,0.006847588597945254,0.10236031725783787,0.8552062795960359
220,170,2.78915653681735,1.4978830581230786,0.0017298258064234763,0.10237292177988583,1.0514615813524149
230,170,2.617004367410142,2.313637561883515,0.0038722798966100334,0.10238596912554669,0.8670030974190878
240,170,2.4261226388505337,1.8883624954635054,0.002223678074052632,0.102404650313123,0.8995833201763668
250,170,2.232672216929866,1.293089609837224,8.721296716364317e-4,0.10242596257333467,0.992296040042692
260,170,2.045155790711127,2.649088883506346,0.0033928329757566228,0.10244665287877829,0.7282080831250095
270,170,1.8677174130144825,2.701274073388583,0.003032052865766194,0.102470372734256,0.6906153134777447
280,170,1.7021531127423328,1.9456998244690646,0.0013008483738282236,0.1024955378546583,0.7440166082739423
290,170,1.549002326033812,2.4575501859977136,0.0018117455843876299,0.10252005107404358,0.650760358197414
300,170,1.4081315872586055,1.5827577112905007,6.118533814338414e-4,0.10254564152840014,0.7297640837805285
10,160,0.5738688329645759,2.689574560371599,4.1005303342384357e-4,0.10269489400432698,0.381419400303585
20,160,0.6327913510689419,2.2578290238049217,3.3480850351422855e-4,0.10267840978473709,0.42747678456548194
30,160,0.6975852444161886,2.33207959677073,4.224207087396481e-4,0.10266135274319202,0.443682889968733
40,160,0.7687819581662013,2.11227466817828,4.0424094203925156e-4,0.10264371366930082,0.48334759562928803
50,160,0.8469419620114287,2.0002305981271373,4.2450075626869385e-4,0.10262542222816211,0.5178737982273591
60,160,0.9326478229692703,1.1845487191962536,1.6616565400650476e-4,0.10260659785051444,0.659888023541567
70,160,1.0264921501479016,1.8824220577126447,5.169526695173773e-4,0.10258684641152957,0.5835733068476225
80,160,1.1290575938871545,1.89790614076681,6.176772080443238e-4,0.10256665998657347,0.6104434845978344
90,160,1.2408844233896585,2.062570470700098,8.628520176203355e-4,0.10254607299521584,0.6208356413086542
100,160,1.3624184597276838,1.9449899822834191,8.931315678587586e-4,0.10252533062727129,0.6650800935588163
110,160,1.4939275341366245,1.9844702726127679,0.0010885417057708631,0.10250433972397292,0.6915708581846596
120,160,1.6353668791912164,1.6060427481720283,8.131331024661709e-4,0.10248366989080836,0.7827653054768787
130,160,1.7861609327008288,1.7090225091158322,0.0010754191198500652,0.1024628172926868,0.7997925305925411
140,160,1.9448485467177379,1.837934216578019,0.0014466975148704146,0.10244257515682276,0.8127357287239888
150,160,2.10851084440632,2.6545333772089945,0.003589913839383273,0.10242293000057773,0.7389579406058552
160,160,2.2718828480487687,2.286866810869662,0.002977052940728308,0.10240699266696858,0.8107934206955928
170,160,2.4261226388505337,1.3891913546612056,0.0011671753063829558,0.1023949775691694,1.007727054168213
180,160,2.5576292766475883,1.8632573428921444,0.002364358506497201,0.10238448350569632,0.9284548915918005
190,160,2.6484744594608687,2.2156881946094504,0.0036086957779814105,0.10237808880630161,0.8863167628810658
200,160,2.6812801841425573,1.2546101274903902,0.0011153962604805315,0.1023780508656291,1.1005564688322684
210,160,2.6484744594608687,1.5335513691284661,0.0016655725764994338,0.10238125270006915,1.0154924225957516
220,160,2.5576292766475883,2.2528051253439094,0.003522559198671083,0.10238890752854023,0.8655103813260929
230,160,2.4261226388505337,1.4042431778234792,0.0011935372095536667,0.10240324456822605,1.0037087056563923
240,160,2.2718828480487687,2.28175491748808,0.0029618317731303703,0.10241849259093638,0.8114523237554765
250,160,2.10851084440632,1.4126796614932542,9.534937280836984e-4,0.10243868071868552,0.933041893218588
260,160,1.9448485467177379,2.2989706969194943,0.002313814202037782,0.10245868421482149,0.7481684512421566
270,160,1.7861609327008288,1.2653479651943467,5.715261041173078e-4,0.10248169718291864,0.8937841875387338
280,160,1.6353668791912164,2.2044587894164054,0.0015805046619236103,0.10250399653102883,0.6962465495818135
290,160,1.4939275341366245,2.975538926989499,0.002547211349006175,0.10252694323760425,0.5953568777381323
300,160,1.3624184597276838,1.4327587463901224,4.694788256056399e-4,0.10255185667352773,0.7446304121701319
10,150,0.5607983366375876,1.9042619538596004,1.9095650977769062e-4,0.10269823235670926,0.42835330896633217
20,150,0.6176336429251011,2.175272850414022,2.9720437604951745e-4,0.10268206985028949,0.42813717842651466
30,150,0.6799675833128617,1.4375713658249443,1.4641720153676937e-4,0.1026655103266107,0.5237913169645348
40,150,0.7482552616714946,1.2546262578339054,1.2927850522508974e-4,0.10264837655017951,0.5780709121407718
50,150,0.8229626443352577,1.8135448846478186,3.291833541850253e-4,0.10263056145418717,0.5292553581772412
60,150,0.9045546882069737,1.2153498306105428,1.665511200954606e-4,0.10261225494734835,0.6436469292638053
70,150,0.9934769017827111,2.713407094690961,0.0010546307859759878,0.1025929392473806,0.5014390559777323
80,150,1.0901271721360504,2.1340446423454433,7.447861145165605e-4,0.10257362807420746,0.5742846334347954
90,150,1.1948130907791694,1.1861490197099362,2.5317672692471387e-4,0.10255411952611135,0.7473542317580831
100,150,1.3076875814070317,2.15961979423638,0.0010383801936036238,0.10253383219687626,0.6267326445120375
110,150,1.4286520066759172,1.9809499407142919,0.0010056799343163272,0.10251402238539853,0.6766019056346819
120,150,1.5572107620956448,1.2367964422421598,4.3239717280266763e-4,0.10249462930452677,0.8411108651505914
130,150,1.6922547890895878,2.145229695300258,0.001582628661096287,0.10247444978485414,0.7155516880906179
140,150,1.8317456028368113,2.824425381119372,0.0032244902141876984,0.10245515309657363,0.6727094485937225
150,150,1.9722747655809592,1.498363850578742,9.644480139133292e-4,0.1024393922475458,0.882711655227397
160,150,2.10851084440632,2.163034055558843,0.002334778846459272,0.1024242645749756,0.7970741591580033
170,150,2.232672216929866,1.9330481629316714,0.0020306321055042226,0.10241262043402602,0.855235433278877
180,150,2.3344536489103263,2.440068847634736,0.0035714709137278657,0.10240277981210537,0.802507885729888
190,150,2.40221783789626,1.805026205091134,0.001989604380385919,0.10239824774135958,0.910174239911371
200,150,2.4261226388505337,2.6805385602674394,0.00464332889146564,0.10239575692197529,0.7903041147620415
210,150,2.40221783789626,2.0459230622337246,0.002588389608593149,0.10240042703488411,0.8689741788174425
220,150,2.3344536489103263,2.2869624669247277,0.0031162948646173976,0.10240805090309718,0.8219627455112516
230,150,2.232672216929866,1.3776296665576298,9.964167509323519e-4,0.10242105248766431,0.9693364892293328
240,150,2.10851084440632,2.7273102648934375,0.0037981951102515473,0.10243440440611598,0.7315937527072558
250,150,1.9722747655809592,1.873419391418795,0.0015412618245818639,0.10245318764573548,0.8127161651276756
260,150,1.8317456028368113,1.8595298948244166,0.0013391186890930784,0.10247280178007938,0.7851211467368372
270,150,1.6922547890895878,1.2078943755152163,4.73175731622141e-4,0.10249396829629043,0.8848335788630337
280,150,1.5572107620956448,1.7835426777644885,9.32307630932455e-4,0.10251499512779734,0.7346105629791058
290,150,1.4286520066759172,2.3908118648538488,0.0014916858381483558,0.10253662413124023,0.6311350945240719
300,150,1.3076875814070317,2.433650468915166,0.001333340947290762,0.10255935032315952,0.5996321782493228
10,140,0.5454241536683997,2.5784341401748287,3.4443960923601297e-4,0.10270223262381441,0.37760981643924585
20,140,0.59985205151454,2.634761684420951,4.2316522359952033e-4,0.10268649555600401,0.39301623595349283
30,140,0.659362858186423,2.6215772923490728,4.911721215451574e-4,0.1026703519527668,0.41298854358273845
40,140,0.7243313048046032,1.6066772346597007,2.0576922472403383e-4,0.10265385189550522,0.518974768642503
50,140,0.7951256861635194,1.7399054164549383,2.847099578707969e-4,0.10263668218035775,0.5281816017297597
60,140,0.8720920837193777,1.4226753300217352,2.1800678023953704e-4,0.10261900540909896,0.5961403363746894
70,140,0.9555313123379301,1.0302626293361596,1.2912347324444526e-4,0.10260081998129637,0.70337989754621
80,140,1.0456655520698137,2.0061247624697387,6.096851808927367e-4,0.10258198554712086,0.5753476738629739
90,140,1.142590385287115,2.14366110861863,8.139773744057398e-4,0.10256298801080263,0.5870887300241733
100,140,1.2462063070626308,2.829236256598528,0.0016883444694584617,0.10254365044336425,0.5535583221850944
110,140,1.356121759299375,2.1935024367645117,0.0011408938896774203,0.10252510672191231,0.6346747091631113
120,140,1.4715177646857693,0.9865476734032239,2.4440510046875436e-4,0.1025069661899639,0.8886973612037607
130,140,1.5909636715763713,2.984457678266425,0.002853368725679977,0.1024877285832772,0.6139023841773705
140,140,1.7121779647609394,1.697977965602522,9.877396726120239e-4,0.10247174408700581,0.7847843515848446
150,140,1.8317456028368113,3.016540084036717,0.0037025308207822277,0.10245529574350976,0.6565388391764329
160,140,1.9448485467177379,1.8831229783345813,0.0015223990053820666,0.1024432251236281,0.8054686000352838
170,140,2.045155790711127,1.4760373652459784,9.935047671883186e-4,0.10243298035172026,0.9040219002975577
180,140,2.1251424365318714,1.9346524353609276,0.0018714167839770114,0.10242441791313378,0.8339446247537383
190,140,2.177153104732128,2.059729899128334,0.002223611598280662,0.1024193314044936,0.8248497553535998
200,140,2.1952465443761056,2.313157913980944,0.0028773580470228587,0.10241794589053246,0.7935137543202622
210,140,2.177153104732128,1.386285309822425,9.677324325709947e-4,0.10242232881597672,0.9548917070903113
220,140,2.1251424365318714,1.960075411310598,0.001923133697372159,0.10242893599348266,0.8299238239585693
230,140,2.045155790711127,2.1564693257916256,0.002202727297256869,0.10243946971939374,0.7857741986459268
240,140,1.9448485467177379,1.2750869364588957,6.708165721159265e-4,0.10245387648005767,0.930369021676527
250,140,1.8317456028368113,1.5473772126792018,9.103365501812853e-4,0.10247001858114335,0.8403239076200618
260,140,1.7121779647609394,1.733403277972637,0.001030915201711006,0.10248790412539097,0.7787990070066004
270,140,1.5909636715763713,1.7306638112425718,9.075653802588211e-4,0.10250710182228791,0.7509138701767674
280,140,1.4715177646857693,1.7489043096190438,8.131256300270913e-4,0.10252708531439902,0.719126621036944
290,140,1.356121759299375,1.9753752804976425,9.147860865402931e-4,0.1025476841256315,0.6597169081850492
300,140,1.2462063070626308,2.6704105108351235,0.0014939866269770745,0.10256874001964614,0.5654920612931917
10,130,0.5280568598248195,2.3712827817048647,2.73529265326452e-4,0.1027070128394779,0.3831804981799597
20,130,0.5798264580556286,2.044293744615111,2.3449492865272362e-4,0.10269178754959933,0.4243438945716923
30,130,0.6362375558048302,1.8502380386015167,2.224079968768669e-4,0.10267619023279141,0.46139487672051716
40,130,0.6975852444161886,0.7823498072973065,4.258386808307211e-5,0.10266025681996302,0.6644470940497658
50,130,0.7641431222251347,1.0311233495028773,8.870271874579992e-5,0.1026437469742236,0.628186303197824
60,130,0.8361450107287753,2.541444139434712,6.870425161605902e-4,0.10262657940018197,0.4709338164378808
70,130,0.9137594327033686,1.7334995801831454,3.572576575308566e-4,0.10260930064371376,0.5673394172613327
80,130,0.9970543092607549,2.226614756912713,7.004054664753432e-4,0.10259141639066315,0.5404509796869497
90,130,1.0859485884213906,2.029691230416858,6.660218046833957e-4,0.10257345514837529,0.5838980856650122
100,130,1.1801467551864842,1.8639945775347337,6.409026178111572e-4,0.10255555368816757,0.6284021471477775
110,130,1.2790516898138302,1.7355130844036184,6.319116771480536e-4,0.10253790842639005,0.6719531342628446
120,130,1.3816518551789116,3.219124438889204,0.002635987145716059,0.10251977317565328,0.5559533679366562
130,130,1.4863818338969548,2.830907138670674,0.002276577723752838,0.10250348808325498,0.6048995658736404
140,130,1.5909636715763713,0.7626938736012954,1.6238620831694007e-4,0.1024895379486997,1.0166688733865212
150,130,1.6922547890895878,1.8799476882728783,0.0011993047629826172,0.10247522469393568,0.7513416940068451
160,130,1.7861609327008288,2.4892982130280368,0.002369778579389703,0.1024627199039199,0.6959640252415399
170,130,1.8677174130144825,2.182301296755532,0.0019380266402452496,0.1024532713147531,0.7473164628253339
180,130,1.931473865180961,1.598140793039779,0.0010659235136427343,0.10244646983816502,0.8528747972326463
190,130,1.9722747655809592,2.1042698625672314,0.0019682628945936185,0.10244166063145187,0.7785483953407429
200,130,1.986341215165638,2.1443688493622206,0.0020725718290644474,0.1024406379701202,0.7759096791969438
210,130,1.9722747655809592,2.607669236174609,0.0030885754046879174,0.10244293426364348,0.7191880725219915
220,130,1.931473865180961,2.1660797417882582,0.0020188684893163223,0.10244982187408704,0.7621749719701256
230,130,1.8677174130144825,1.7267149419781131,0.0011847087777576953,0.10245983097237994,0.8148956085270346
240,130,1.7861609327008288,2.770898133524617,0.002967223520954459,0.10247134556076021,0.6689173573649523
250,130,1.6922547890895878,1.2982278769317328,5.507213300499464e-4,0.10248729235259987,0.8615572985083041
260,130,1.5909636715763713,1.5952271983147153,7.648599533047791e-4,0.10250378804609507,0.7738868263129183
270,130,1.4863818338969548,1.9543186408186761,0.001044498043512658,0.10252134609457327,0.6937080307526289
280,130,1.3816518551789116,2.3670783918926674,0.0013807223382274513,0.1025398740921665,0.6228701977597478
290,130,1.2790516898138302,1.8802903374142366,7.471545287827261e-4,0.10255969682199316,0.6523196358134137
300,130,1.1801467551864842,1.6422256853690436,4.907180261815143e-4,0.10257984935637185,0.6585129615156475
10,120,0.5090248452743746,2.156777172645126,2.1067629676937744e-4,0.10271244053889522,0.389572220342609
20,120,0.5579548693128837,2.1827914778233115,2.5222155951455135e-4,0.10269769631532259,0.40622684684833277
30,120,0.611075315355796,2.050304536543879,2.577938065350459e-4,0.10268262745882055,0.4352570875086554
40,120,0.6686062073889046,1.7615365141635477,2.1811749149899953e-4,0.10266723838250319,0.48176238279001987
50,120,0.7307340962109387,1.9553077946075872,3.155121235086005e-4,0.1026514389611995,0.48477502026946956
60,120,0.7975927193766738,0.27377605555362283,5.880790456906742e-6,0.10263542297772411,1.0481369548680373
70,120,0.8692370630195594,1.532186574799077,2.533603367332329e-4,0.10261883460603148,0.5790586072589422
80,120,0.9456089674175243,1.2973628062766727,2.059153519961069e-4,0.10260206215823206,0.6425201795337832
90,120,1.0264921501479016,2.435277926922772,8.880195766287863e-4,0.1025848743751152,0.5305753487028368
100,120,1.1114544952447627,3.0841831785677707,0.001668274280674352,0.1025678549634852,0.5061006007638695
110,120,1.1997760366384767,1.793462898481518,6.077122909419237e-4,0.10255185966124156,0.6427558780492271
120,120,1.290362918814546,2.370100923212635,0.0012343661245547912,0.10253568722130124,0.6014879247715534
130,120,1.3816518551789116,1.8795646856902586,8.511372057294005e-4,0.10252091661152404,0.6783293115481289
140,120,1.4715177646857693,2.464183333039849,0.0016722807204423277,0.10250699951863927,0.633517721677749
150,120,1.5572107620956448,1.3950888187154522,5.56871093382907e-4,0.10249523767864542,0.8044771977801697
160,120,1.6353668791912164,1.6986700272166613,9.147707832083776e-4,0.10248422268139382,0.7667030321767822
170,120,1.7021531127423328,1.624475254264797,8.910945795386364e-4,0.10247527355611447,0.795368952954565
180,120,1.7536042406041352,2.696807178384855,0.0027180168046581207,0.1024677859147515,0.6694198799174215
190,120,1.7861609327008288,2.174981273824652,0.0017845425203978484,0.10246438301926497,0.731578586236396
200,120,1.7973158564688863,2.0299556786930926,0.0015599893684100966,0.10246372686779513,0.7528450367643482
210,120,1.7861609327008288,2.219587809042392,0.0018621944507013532,0.10246591658028649,0.7261061488440322
220,120,1.7536042406041352,2.377131745488676,0.002084853431551436,0.10247138041833678,0.7013866592148218
230,120,1.7021531127423328,1.9831032864227032,0.0013547035226829098,0.10248026760431748,0.7388115941155823
240,120,1.6353668791912164,2.202621777503553,0.0015784816934961202,0.10249124030240005,0.6964728517050711
250,120,1.5572107620956448,3.1851453742550353,0.0031537195177838992,0.10250400255023333,0.5928488645151458
260,120,1.4715177646857693,2.0762553604970755,0.0011663088457067225,0.10252006898339358,0.6749283975832139
270,120,1.3816518551789116,2.0154456206970224,9.84993050083656e-4,0.10253657913547555,0.6610330853249834
280,120,1.290362918814546,2.5205877586049628,0.0014038447313301577,0.10255384789474718,0.5879377794891761
290,120,1.1997760366384767,1.3093547851398484,3.135567906199038e-4,0.10257267887883141,0.7220291462424246
300,120,1.1114544952447627,1.8897168923054548,5.955952185208849e-4,0.10259135892602664,0.6065755568808495
10,110,0.4886615074297527,1.7002676898595181,1.1932412754471036e-4,0.10271845183967576,0.4167111787068871
20,110,0.5346372397406819,2.4128658901629265,2.8970049304347713e-4,0.10270420423295966,0.38311161229289137
30,110,0.5843564954110891,2.641615515398862,4.071239209139437e-4,0.10268966442507459,0.3874901093412554
40,110,0.637971534152416,2.2354662549121103,3.324463510673421e-4,0.10267490772632813,0.43082230654173986
50,110,0.6955925495853762,1.9593838049530108,2.916132278731269e-4,0.1026598730294641,0.4725076914233805
60,110,0.7572685471616688,1.7236172313530709,2.5709166035076336e-4,0.1026445965788533,0.517138854727573
70,110,0.8229626443352577,1.9682296519437297,3.9096917550696537e-4,0.10262899221195806,0.5134788467221375
80,110,0.8925206405937193,2.113829654297803,5.208741796460252e-4,0.10261320578875288,0.5210010829937636
90,110,0.9656317976963171,2.2489182290026672,6.776011775259688e-4,0.10259738191094739,0.5298346625219986
100,110,1.0417812166023905,1.5075513964155756,3.324337651190843e-4,0.10258196050563002,0.6382574807235442
110,110,1.1201943028906967,1.7250658072788192,4.987551663014373e-4,0.10256677168831833,0.629872646940946
120,110,1.1997760366384767,1.861452471313612,6.571152933608053e-4,0.10255217750937043,0.633973222181815
130,110,1.2790516898138302,2.168822590466529,0.00100925631278881,0.10253841622115925,0.6187974664815075
140,110,1.356121759299375,2.2351007775530083,0.0011867873965478507,0.102525922076466,0.6302806285740288
150,110,1.4286520066759172,1.2356863062457135,3.7311329412350187e-4,0.10251525591612418,0.8055972794168272
160,110,1.4939275341366245,1.894110509989094,9.869876865093263e-4,0.10250520324466225,0.7035899463145173
170,110,1.549002326033812,2.100679453651807,0.0013040993905514438,0.1024969427209003,0.6896517441909429
180,110,1.5909636715763713,2.0964108441766234,0.0013585037458561872,0.10249092386712688,0.6995403501669641
190,110,1.6172963694284723,2.0486127817811295,0.001330618281120158,0.10248757544720478,0.7113984169287192
200,110,1.6262786389623964,2.4590144138623216,0.0019711035535686316,0.10248668900119974,0.6668140288419808
210,110,1.6172963694284723,2.0839596088840264,0.0013792372976846688,0.10248898060073355,0.7069115567983274
220,110,1.5909636715763713,2.2017555569051477,0.0015057390827681572,0.10249365034016411,0.6869708106701731
230,110,1.549002326033812,2.959164070367515,0.002678387462792029,0.10250079848633252,0.6075831651713627
240,110,1.4939275341366245,1.9823635669059003,0.0010858216604409628,0.10251167225159176,0.6918358592420586
250,110,1.4286520066759172,2.1675226194938557,0.0012145783380173819,0.10252378500620685,0.6544465157405902
260,110,1.356121759299375,2.0251509018785003,9.642402336811225e-4,0.10253767588728108,0.6536829569334861
270,110,1.2790516898138302,2.5798229330824003,0.0014524703835016712,0.10255251843402388,0.5803288005629509
280,110,1.1997760366384767,2.67766340480605,0.0014096416706332955,0.10256866444758554,0.5542131724659016
290,110,1.1201943028906967,1.7295472857242626,5.011244235199072e-4,0.10258607213120483,0.6292527758257133
300,110,1.0417812166023905,2.003385434903403,6.036675141304665e-4,0.10260351905033106,0.5745430736545427
10,100,0.4672939882415813,1.3969413672785382,7.323272996324589e-5,0.10272495572739236,0.43812179605257906
20,100,0.5102616390447812,1.0568190369691837,4.726662885149559e-5,0.10271133150956427,0.5077730273548422
30,100,0.5565412810620456,2.1774872073036726,2.4987102663665234e-4,0.10269737749432448,0.4060729113850055
40,100,0.6062263393966247,1.8230554842987472,1.9873089808373934e-4,0.10268327566834441,0.4527567712210437
50,100,0.659362858186423,2.9293563859847307,6.202095039045941e-4,0.10266884204402699,0.3963815990036437
60,100,0.7159315677991615,1.868265212375759,2.7700171968821796e-4,0.10265447167427433,0.4879435619197994
70,100,0.7758255540397093,1.738092946237126,2.725618868341907e-4,0.10263986726607596,0.5218769677767343
80,100,0.8388229883779984,1.5629333236598593,2.487529073814167e-4,0.10262518950950804,0.564585185644872
90,100,0.9045546882069737,1.2862817048917088,1.8764123187767578e-4,0.10261057035611723,0.6302893940240719
100,100,0.9724669377368568,1.7443846236891134,4.0211916522535466e-4,0.10259607461212178,0.5840908920663093
110,100,1.0417812166023905,2.5658756100303237,0.0010160706550450128,0.10258187282350767,0.5243215468606764
120,100,1.1114544952447627,1.9607010355371217,6.441060287636466e-4,0.10256874940707515,0.5983790761831902
130,100,1.1801467551864842,1.7024814724844455,5.297658191160201e-4,0.10255644720924788,0.6498172873783582
140,100,1.2462063070626308,1.6123061157078649,5.180436555818118e-4,0.10254514109249899,0.681495513412452
150,100,1.3076875814070317,1.4554803218675318,4.5322427851071407e-4,0.10253509345647699,0.7251797209885449
160,100,1.3624184597276838,1.4573473427865575,4.8702460117449974e-4,0.10252627831885978,0.739984966691222
170,100,1.4081315872586055,1.731212312898484,7.393877495856132e-4,0.10251899599641594,0.70599430031665
180,100,1.4426626351767455,1.9854027091577453,0.0010271602029801735,0.10251360978880378,0.6793754972000375
190,100,1.4641967506178695,2.497976242223567,0.0017062440757656572,0.10251041045312048,0.6287493128207647
200,100,1.4715177646857693,1.0867608067046115,2.9944769104994214e-4,0.10251058484149374,0.857465276259994
210,100,1.4641967506178695,1.9981772979993886,0.0010674087936133358,0.10251196542104579,0.6828499471780107
220,100,1.4426626351767455,2.938083532924268,0.0023399291509129,0.10251555270037058,0.5877219871888548
230,100,1.4081315872586055,2.1281801135917524,0.0011406883653202122,0.10252289656287604,0.6541059478172988
240,100,1.3624184597276838,1.785638936852066,7.46122930949868e-4,0.10253245024807993,0.6864300894607194
250,100,1.3076875814070317,1.1547062732570865,2.785912775286092e-4,0.1025437135666155,0.789974873344399
260,100,1.2462063070626308,2.2563117735261584,0.0010490990774738188,0.10255581144604788,0.6018546562142494
270,100,1.1801467551864842,1.737521149557883,5.526617276062645e-4,0.10256969685252257,0.6449295806961768
280,100,1.1114544952447627,1.9962605645386118,6.685057854778862e-4,0.10258442905145322,0.5944033888548491
290,100,1.0417812166023905,1.497255861669597,3.274623543714909e-4,0.10260016541352349,0.6398614716560873
300,100,0.9724669377368568,2.0576905604709808,5.685151126637428e-4,0.10261622077407354,0.5494700971719214
10,90,0.44523391693535674,1.6279924809977804,9.309988461215485e-5,0.10273186122167344,0.4040387437236515
20,90,0.48519328102566245,2.6280393717290718,2.943227352283397e-4,0.1027187678388764,0.35346839244880335
30,90,0.5280568598248195,2.4833328386661844,3.014067105146629e-4,0.10270551552038054,0.37669531429902214
40,90,0.5738688329645759,1.7118113091278733,1.587233936206436e-4,0.10269214437365447,0.45077427255029073
50,90,0.6226235710366402,1.6373392927951516,1.658796208613918e-4,0.10267857941834886,0.4774903347913034
60,90,0.6742495257365618,1.8971015808203604,2.5852795920976244e-4,0.1026649044923312,0.4707270814979061
70,90,0.72858988632618,1.9820790117639158,3.230595724755995e-4,0.10265117116631485,0.4816296750995381
80,90,0.7853799241352225,1.464263275058003,1.940982077629509e-4,0.10263749075983535,0.5594725989978794
90,90,0.8442213485204414,2.3313358726580544,5.825255551332059e-4,0.10262373434726578,0.4885656957333461
100,90,0.9045546882069737,1.820156697639176,3.891162937792282e-4,0.1026104577650986,0.5543603746604033
110,90,0.9656317976963171,1.7332228627488124,3.9203497782021573e-4,0.10259762181071792,0.583399211230368
120,90,1.0264921501479016,2.0055842900767042,5.906042518314421e-4,0.10258544506524421,0.570058343151734
130,90,1.0859485884213906,0.8789965335620462,1.1479909207683526e-4,0.10257437159688527,0.7956439159900635
140,90,1.142590385287115,1.5821432456494722,4.300072613469774e-4,0.10256386280048349,0.6568660438206133
150,90,1.1948130907791694,1.5037184463,4.1673420948031947e-4,0.10255464900532463,0.6845924082453831
160,90,1.2408844233896585,2.5224286600605943,0.001316938269384295,0.1025464199968914,0.5763107811374811
170,90,1.2790516898138302,1.5730385573535592,5.13964558383897e-4,0.10254049547434492,0.6968214372151982
180,90,1.3076875814070317,2.201779149147354,0.0010813481601127351,0.10253573405500845,0.6222668443921676
190,90,1.325458264180249,1.8404667540790873,7.591266574259891e-4,0.10253335852946104,0.6694482129899149
200,90,1.3314843347923182,1.7593992163922039,6.958745697894577e-4,0.10253299916761278,0.6822508165559973
210,90,1.325458264180249,1.6956491863452752,6.390298003657701e-4,0.1025346123580088,0.690043277154882
220,90,1.3076875814070317,2.3255103863132067,0.0012128615348725002,0.10253809328478015,0.6098118063489346
230,90,1.2790516898138302,2.681908749482838,0.0015763365508783404,0.102544157974811,0.5720672917825885
240,90,1.2408844233896585,1.4170563477744589,3.920513591857179e-4,0.10255299434711905,0.7132628791644382
250,90,1.1948130907791694,2.1189760705219127,8.563849959360882e-4,0.1025627849139167,0.6030453528589375
260,90,1.142590385287115,1.86645442030132,6.08261929526551e-4,0.10257421778726916,0.6179218086234206
270,90,1.0859485884213906,2.1637809922636833,7.614565273084582e-4,0.10258667614373347,0.5702387145652575
280,90,1.0264921501479016,1.7882808193959052,4.639025836188952e-4,0.10260025052593094,0.5947387664409495
290,90,0.9656317976963171,2.5586559124625388,8.880359527850452e-4,0.1026143106830654,0.5051387885596
300,90,0.9045546882069737,2.2991089139625505,6.351999181658218e-4,0.10262925644502953,0.5084757842124412
10,80,0.4227703545915175,1.6749571660734615,9.057179136398423e-5,0.10273915286577218,0.38950736148797066
20,80,0.4597665565113081,1.7932075282732531,1.2041065653485003e-4,0.10272670408535937,0.39622127005999147
30,80,0.4992886749693805,1.728569592432221,0.00012810421536988775,0.10271410289995042,0.4186949687669884
40,80,0.5413411329464508,1.4282385142700187,9.832412871452839e-5,0.10270139775186567,0.4680143331184133
50,80,0.5858784640719338,2.333547821090393,3.151425085783907e-4,0.10268853084788615,0.40620273120284395
60,80,0.6327913510689419,1.1818208961121037,8.594288360507126e-5,0.10267575855783534,0.5430811630939172
70,80,0.6818904666136789,1.2880391198073768,1.1681116636260249e-4,0.10266289065802535,0.5462799370664797
80,80,0.7328883457532283,1.6084946194717231,2.1039972970943838e-4,0.10265004335718522,0.5218414659230594
90,80,0.7853799241352225,1.4784260917902388,1.9806415029768697e-4,0.10263737232402131,0.5574849871565749
100,80,0.8388229883779984,2.3253274675558195,5.731381796963877e-4,0.10262491009313827,0.4874521357561222
110,80,0.8925206405937193,2.0050589648674864,4.6615932327222464e-4,0.10261315685487966,0.5312778623395039
120,80,0.9456089674175243,1.521316789181081,2.8772550124990255e-4,0.1026021083276239,0.6057809905819799
130,80,0.9970543092607549,1.8551102254206868,4.7730955874418897e-4,0.10259169833387577,0.5781866331270995
140,80,1.0456655520698137,2.9019158144655317,0.0013241218185695717,0.10258191396843966,0.5019377721561281
150,80,1.0901271721360504,2.0950881063836153,7.165064859557138e-4,0.10257376441464852,0.5782099331886872
160,80,1.1290575938871545,2.104650174235215,7.675360708816974e-4,0.10256674826062746,0.5875459180192718
170,80,1.161094010810581,1.426112648740025,3.552291302421721e-4,0.1025614856291867,0.6881269239960535
180,80,1.1849989103611862,1.8983846813642615,6.705582737871858e-4,0.10255743644051017,0.6254597990895904
190,80,1.1997760366384767,1.1893350798023017,2.563749624291548e-4,0.10255544098989253,0.7481740971333095
200,80,1.2047768476488085,2.3212999087271715,0.0010521167782820513,0.10255472220353615,0.5855029664249682
210,80,1.1997760366384767,1.958440201979722,7.309976933268077e-4,0.10255634069178997,0.6221749340061954
220,80,1.1849989103611862,2.2144242500509708,9.26607438840529e-4,0.10255979815951091,0.5908409272590758
230,80,1.161094010810581,1.7576390459781541,5.50996571841597e-4,0.10256556146887047,0.6369451668844598
240,80,1.1290575938871545,2.4999929681786077,0.0011016875109904518,0.1025727947296085,0.5513107196122577
250,80,1.0901271721360504,2.642803370883532,0.0011667777167571193,0.10258176778934279,0.5306244682741216
260,80,1.0456655520698137,1.1443920046207645,1.8740802397980663e-4,0.10259248220399389,0.7080479744907128
270,80,0.9970543092607549,1.594480941354122,3.4711616548317877e-4,0.1026038321944078,0.6114658523848406
280,80,0.9456089674175243,1.3666823594675335,2.2959099713660945e-4,0.10261616842115408,0.6302606160339598
290,80,0.8925206405937193,2.274562189450414,6.072191620876046e-4,0.10262898670611192,0.5070623601304428
300,80,0.8388229883779984,2.543314095993037,6.914046267848345e-4,0.10264260234542304,0.4715555363572508
10,70,0.4001649165273959,2.32981909471776,1.6513940666910658e-4,0.10274674788170754,0.3353409634819664
20,70,0.4342799225335419,1.7872119865945666,1.0860548822681444e-4,0.10273491420175651,0.38546329837528276
30,70,0.4705753919837344,2.559644408409199,2.644659054548798e-4,0.10272290405246395,0.351466605866065
40,70,0.5090248452743746,1.692408527883726,1.265964934083008e-4,0.1027108993941691,0.42611158086521733
50,70,0.5495536020148566,1.7260487323233762,1.5013788486621554e-4,0.10269881874264362,0.4396883823944877
60,70,0.5920270477740066,1.1134845382954515,6.777770858093028e-5,0.10268677947107048,0.5368363499344501
70,70,0.6362375558048302,1.6865340124950863,1.8308471631570927e-4,0.10267470513073246,0.47747374428686984
80,70,0.6818904666136789,1.7240568828953269,2.1552632730515307e-4,0.10266275098957252,0.49045245527556464
90,70,0.72858988632618,2.2227202614613013,4.1099083656945864e-4,0.10265094421716535,0.4616504778278866
100,70,0.7758255540397093,2.55864205517135,6.141565229457058e-4,0.10263948657093684,0.4523495527590572
110,70,0.8229626443352577,1.96283038089956,3.8872361694719233e-4,0.10262869795506707,0.5140008454641538
120,70,0.8692370630195594,2.8608217129800195,9.406995686889262e-4,0.10261831970748621,0.45967924663972975
130,70,0.9137594327033686,1.5613294987856177,2.867774606519761e-4,0.10260911861856212,0.5897125958930677
140,70,0.9555313123379301,1.2665506602687913,1.9925131636819125e-4,0.1026005735980585,0.6516780458778872
150,70,0.9934769017827111,2.349558381041732,7.793635730735433e-4,0.10259278268426789,0.5288568178185453
160,70,1.0264921501479016,2.783624459958922,0.0011759203382103076,0.10258636506157612,0.5049842997392887
170,70,1.0535105355216459,1.6076005221557177,0.00038770854950296853,0.10258182675332866,0.6268006107824142
180,70,1.073580922392002,2.3025139617390757,8.513736910620141e-4,0.1025781772291188,0.554082304542842
190,70,1.0859485884213906,1.9928402755776735,6.408036960286008e-4,0.10257633056516802,0.5878650990489107
200,70,1.0901271721360504,1.8319693072324408,5.40427050594767e-4,0.10257610426793422,0.607623607897144
210,70,1.0859485884213906,2.7663873288429612,0.0012763057855893491,0.10257726791604527,0.5207269679918656
220,70,1.073580922392002,2.663397946386194,0.0011559137409655885,0.1025806064745254,0.52503993482977
230,70,1.0535105355216459,1.6777729457173753,4.2405162462459304e-4,0.10258606435764062,0.6169732128736093
240,70,1.0264921501479016,2.0090993553202545,5.926212875541222e-4,0.10259275374475929,0.5696839115310469
250,70,0.9934769017827111,1.141526915811602,1.7099944153162687e-4,0.10260101573252083,0.6906363288255063
260,70,0.9555313123379301,2.384567526339244,7.525459782643305e-4,0.10261006378464023,0.5157339859560024
270,70,0.9137594327033686,2.200919362631506,5.896827434753858e-4,0.10262048966866923,0.5193988511521827
280,70,0.8692370630195594,1.041698636601238,1.1258802055724303e-4,0.10263192981129297,0.6678417448939986
290,70,0.8229626443352577,1.944484554443777,3.809192478762111e-4,0.10264370988844047,0.5157784892636462
300,70,0.7758255540397093,2.5336215831583475,6.012378597837892e-4,0.10265616334060068,0.45398623236695695
10,60,0.3776488878606743,1.4003277288475893,5.140129222486691e-5,0.10275465388710146,0.39314207980630445
20,60,0.4089933063039036,1.0890866270939554,3.4674428777642454e-5,0.10274339445368558,0.4491379854894516
30,60,0.4422069943876179,2.5622688660251693,2.386575680062029e-4,0.10273199132897815,0.3404858575375851
40,60,0.477240462229832,2.4956684360104924,2.567899962641415e-4,0.10272060226641505,0.35729719656197734
50,60,0.5139989317952812,2.3498376719474257,2.564394070081795e-4,0.10270921972384367,0.3792735045943653
60,60,0.5523327390347187,2.147331174044006,2.3957603701000004e-4,0.10269788471469428,0.4066127476359591
70,60,0.5920270477740066,1.9205757688572813,2.1303804482733935e-4,0.102686647914631,0.438838972681099
80,60,0.6327913510689419,1.994780138589258,2.581222115090662e-4,0.10267555021350147,0.447512452147263
90,60,0.6742495257365618,1.5263535830132213,1.637255774275378e-4,0.10266473040887032,0.5101367222330182
100,60,0.7159315677991615,1.9110339534641252,2.9049442235159123e-4,0.10265420085077771,0.4838772125736991
110,60,0.7572685471616688,1.5752510574915044,2.1279908966116774e-4,0.10264423246656595,0.5346397057067807
120,60,0.7975927193766738,1.5540785599810785,2.2575707967658913e-4,0.10263484611638513,0.5515689216106158
130,60,0.8361450107287753,1.6433871578235317,2.7492534895250413e-4,0.10262622267523817,0.5533098460649953
140,60,0.8720920837193777,1.5483200144446818,2.6043211815177174e-4,0.10261848622247811,0.5777750005507611
150,60,0.9045546882069737,1.8520021238814937,4.03539122755475e-4,0.10261163090034449,0.5508157007977066
160,60,0.9326478229692703,2.2455693297320574,6.369566626503891e-4,0.10260592526334454,0.5209121005763613
170,60,0.9555313123379301,1.2645735852003446,1.9858976905766794e-4,0.10260176016854464,0.6520535658178507
180,60,0.9724669377368568,2.0312483132332457,5.536371589771143e-4,0.10259849335125716,0.5521169021715847
190,60,0.9828757912427326,3.0751730876762453,0.0013471098658529867,0.1025965189679292,0.47617816056739926
200,60,0.986387855766426,1.952063902277195,5.216136442984185e-4,0.10259671150358506,0.5643254034082215
210,60,0.9828757912427326,2.0494965999519006,5.743314650047333e-4,0.10259810315387662,0.5532563662043861
220,60,0.9724669377368568,2.6624421855329947,9.773951429234004e-4,0.1026009836784705,0.4995487759831734
230,60,0.9555313123379301,2.146815742848247,6.036308255325111e-4,0.10260582175688221,0.5361596933240429
240,60,0.9326478229692703,1.3989185880685655,2.3562247944837908e-4,0.10261210997892059,0.6205213107377984
250,60,0.9045546882069737,0.9744842938881946,1.046902024082965e-4,0.10261946176972012,0.6984128287634666
260,60,0.8720920837193777,2.890168855296129,9.660721510426536e-4,0.10262748387680658,0.4587001066860084
270,60,0.8361450107287753,2.2641337375449337,5.387650288846003e-4,0.10263702916288588,0.4914816682374773
280,60,0.7975927193766738,1.9077697281625206,3.471577006293912e-4,0.10264738817202475,0.5112878808049399
290,60,0.7572685471616688,2.486571012293951,5.549317903566657e-4,0.10265823609010205,0.4515962431926382
300,60,0.7159315677991615,2.7884888451403294,6.421526823285023e-4,0.10266973270408074,0.4207755707290924
10,50,0.35542204863350796,2.032334268089839,1.0148760589794274e-4,0.10276272836888718,0.332238453192592
20,50,0.384127580129958,2.8653868710700876,2.38065105252015e-4,0.10275200798776604,0.3042995298670792
30,50,0.41442533694430994,1.7083013133964737,9.12833719095605e-5,0.10274130811668578,0.3828103100825853
40,50,0.446249592601625,1.427296334967874,7.08915592227939e-5,0.1027305767582924,0.4246679071815056
50,50,0.479493000415048,1.3555646968391901,7.180659969650488e-5,0.10271985521714823,0.4488166551538338
60,50,0.5139989317952812,2.3147937007067307,2.4847141113988825e-4,0.10270916696730488,0.3813865301653268
70,50,0.5495536020148566,1.9743884712157114,1.9913083153240023e-4,0.10269868781321699,0.41836885640850313
80,50,0.5858784640719338,1.3439372714601836,9.887079847699034e-5,0.10268842990492645,0.4981365805554642
90,50,0.6226235710366402,1.7579262112162166,1.925893828957213e-4,0.10267837545414442,0.46510772971130976
100,50,0.659362858186423,1.1718356442953164,9.049072490563496e-5,0.10266874265272326,0.5562093269318981
110,50,0.6955925495853762,2.1779169127614835,3.6415665517287036e-4,0.10265945574622436,0.45439090813536837
120,50,0.7307340962109387,2.112749194493114,3.712642865835715e-4,0.10265081688917083,0.4710911276818144
130,50,0.7641431222251347,3.0085084222079166,8.412562633336418e-4,0.10264279024371309,0.4228060748204464
140,50,0.7951256861635194,2.1664965313374354,4.513185308359867e-4,0.10263589912091857,0.48704798448784575
150,50,0.8229626443352577,2.12352375499189,4.5858265183687237e-4,0.10262983300595434,0.4992605980388462
160,50,0.8469419620114287,1.6681256001582252,2.8988987972391843e-4,0.10262488372350527,0.5538336694825198
170,50,0.8663974790720007,1.8780573603289619,3.863889226713913e-4,0.10262096127269384,0.5361917576317838
180,50,0.8807510814194447,1.6492707658442576,3.023700853891805e-4,0.10261822747038458,0.567256788895008
190,50,0.889553812071463,2.4411573086232843,7.008169007267477e-4,0.10261661852947948,0.49316109786035484
200,50,0.8925206405937193,1.1834236329599293,1.5396098983633158e-4,0.10261682715742354,0.6456349925247096
210,50,0.889553812071463,1.9484063919167685,4.363895873671226e-4,0.10261810823263812,0.536033929129044
220,50,0.8807510814194447,2.3009579024595483,6.085750510820698e-4,0.10262080815009934,0.5015410770614932
230,50,0.8663974790720007,2.148035961584455,5.122795996821522e-4,0.1026250407882683,0.5102105339026634
240,50,0.8469419620114287,1.542471590905596,2.458599275915575e-4,0.10263065907174279,0.5701009651972997
250,50,0.8229626443352577,1.9882753809903175,3.9926044633588884e-4,0.10263721232524779,0.5115530834606564
260,50,0.7951256861635194,1.7072485272970286,2.735171286523722e-4,0.10264484057780891,0.5318892880385796
270,50,0.7641431222251347,1.5562215102641046,2.1053767910373191e-4,0.10265343395002152,0.5394938831378726
280,50,0.7307340962109387,1.5071873748481945,1.82531705721784e-4,0.10266282706266062,0.5337439595877858
290,50,0.6955925495853762,1.2483108554397677,1.1304771059366136e-4,0.10267285740093982,0.5582091364996112
300,50,0.659362858186423,2.1237573843226163,3.1541851858205835e-4,0.10268337872893864,0.4464233605313034
10,40,0.3336528797714583,1.6661206836704079,6.0099175713247665e-5,0.10277099771348996,0.34634600226046725
20,40,0.35986563452298287,1.8922240470041396,8.919455192736255e-5,0.10276085810305545,0.34327499609021234
30,40,0.38742649253555717,2.0614262439152036,1.2092204149275276e-4,0.10275071501851708,0.34518681661203166
40,40,0.4162591155628987,1.3777372121074836,5.8534371488837886e-5,0.1027406115956641,0.4154172758143643
50,40,0.446249592601625,2.7929652917377448,2.9046849250420804e-4,0.10273047754892695,0.33132101644903367
60,40,0.477240462229832,2.0845554632930106,1.759337790746627e-4,0.10272053792667733,0.3818863252846978
70,40,0.5090248452743746,2.2010044393662427,2.1986858813322733e-4,0.1027107356970136,0.38666012353820967
80,40,0.5413411329464508,1.7732444719425051,1.5490840711048482e-4,0.10270118634007537,0.43203093972894896
90,40,0.5738688329645759,2.1764450837974185,2.628729092637917e-4,0.10269186772817186,0.41247496686648927
100,40,0.6062263393966247,2.4131909986076194,3.5820858969390297e-4,0.1026829347080872,0.408162293946046
110,40,0.637971534152416,1.2662340953630589,1.0072235584537133e-4,0.10267457095756502,0.531584321579653
120,40,0.6686062073889046,2.7133240221662405,5.40555441049695e-4,0.10266654618868147,0.41064342436050016
130,40,0.6975852444161886,2.266830543655312,3.9800199802328146e-4,0.10265938575654256,0.4483639524410892
140,40,0.7243313048046032,1.7733344179353032,2.53185709615114e-4,0.10265306786582178,0.5003784003014504
150,40,0.7482552616714946,2.2575621347371015,4.4413754156602276e-4,0.1026475291332577,0.46521053433883247
160,40,0.7687819581662013,1.3627657908035569,1.6098979617962074e-4,0.10264313580257489,0.5683733431478747
170,40,0.7853799241352225,1.9144375530895628,3.4085672378913914e-4,0.10263960105962504,0.5066765653057511
180,40,0.7975927193766738,1.8648766256948086,3.310872319773184e-4,0.10263718769181912,0.515611832968157
190,40,0.8050687567749008,2.1606829440094644,4.582503296343181e-4,0.10263588047126067,0.4905965750524977
200,40,0.8075860719786215,2.272513463957166,5.12179250653391e-4,0.10263590183472454,0.48228631562926405
210,40,0.8050687567749008,1.7419825631462253,2.91441699956775e-4,0.10263733531765033,0.5312666814206187
220,40,0.7975927193766738,1.3924769639186363,1.7921787207608465e-4,0.10263994560103729,0.5744183385020064
230,40,0.7853799241352225,2.6585393166565745,6.793484762958007e-4,0.1026435414318291,0.44874728046338197
240,40,0.7687819581662013,2.271910785826685,4.710156438618844e-4,0.10264855182353994,0.47049786863160414
250,40,0.7482552616714946,2.1116896476024127,3.858873056472392e-4,0.10265455527107968,0.4768390238083653
260,40,0.7243313048046032,2.3003089046975846,4.37210289716396e-4,0.10266146625868615,0.4544791061060413
270,40,0.6975852444161886,2.291192782953307,4.0689309138608714e-4,0.10266927836255457,0.4465894705044129
280,40,0.6686062073889046,1.5029719828782775,1.562018703023888e-4,0.10267791174221653,0.5108783740665175
290,40,0.637971534152416,2.3175408726174695,3.5844728855759694e-4,0.10268703256240921,0.42510997844443016
300,40,0.6062263393966247,2.6043004370570566,4.2019560575996226e-4,0.10269675455819792,0.3968136425131838
10,30,0.3124798175671255,2.3429172877987146,1.1013147421703946e-4,0.10277937754277287,0.29539828502939675
20,30,0.33635459961851505,2.733080367032061,1.7232240881859885e-4,0.1027697722484222,0.28960164623345536
30,30,0.3613642975793662,2.687631327368931,1.8773457580177852e-4,0.10276020144261609,0.30213708831017544
40,30,0.38742649253555717,1.3668711121196357,5.1007155126615385e-5,0.10275071027377791,0.4018205147924806
50,30,0.41442533694430994,2.2262385577494164,1.59222614621653e-4,0.1027412293644301,0.347104297475558
60,30,0.4422069943876179,1.48161739511512,7.551098128734804e-5,0.10273193281189726,0.4169249953854706
70,30,0.4705753919837344,2.1202060121555704,1.7804089781320981e-4,0.10272277070902709,0.3768166667606585
80,30,0.4992886749693805,2.1798391427237562,2.0854544916900028e-4,0.102713869641775,0.38428228735191733
90,30,0.5280568598248195,2.1294582874280246,2.1821899922330187e-4,0.10270527062772127,0.3987281240203231
100,30,0.5565412810620456,2.529976740254453,3.424634243094908e-4,0.10269702652343773,0.38415908375524505
110,30,0.5843564954110891,2.1302275506528656,2.590728491851025e-4,0.10268932771501883,0.4195767275768578
120,30,0.611075315355796,1.7669220362542837,1.8860954774558512e-4,0.10268215536712888,0.4598669502901831
130,30,0.6362375558048302,2.225180905452454,3.277307307017461e-4,0.10267555162106821,0.4309653736057434
140,30,0.659362858186423,2.12078608185035,3.1465024055255686e-4,0.10266973242215635,0.4466625012739415
150,30,0.6799675833128617,2.657793620105065,5.324791381121587e-4,0.10266467573046383,0.41732660465517557
160,30,0.6975852444161886,2.514813957985595,4.949774487161164e-4,0.10266063727168494,0.4314785644333176
170,30,0.7117893350827873,1.66098509533234,2.1424025916397957e-4,0.10265761237617109,0.5081375120883662
180,30,0.7222167945202814,1.5970711813267262,2.021849254781668e-4,0.10265550127318232,0.5193595170086168
190,30,0.72858988632618,2.115249807180535,3.703058883777699e-4,0.10265437149725734,0.4701857656629058
200,30,0.7307340962109387,3.5029078519356402,0.0010738222668236353,0.10265424870199584,0.39076300903170136
210,30,0.72858988632618,1.9049705823771157,2.971707002493749e-4,0.10265576522030506,0.4887450536141829
220,30,0.7222167945202814,1.705400869901955,2.3205148042361825e-4,0.10265819008722493,0.5069065857384559
230,30,0.7117893350827873,2.14598154808773,3.6692543646340403e-4,0.10266156816315282,0.46221151828251733
240,30,0.6975852444161886,1.1725456749326897,9.961608758210763e-5,0.10266611767907133,0.572112876157566
250,30,0.6799675833128617,2.2758856944380312,3.8429019802022735e-4,0.10267142599016671,0.4419594736541549
260,30,0.659362858186423,1.8241578920628967,2.292093579759841e-4,0.1026777608462987,0.47224696304243396
270,30,0.6362375558048302,1.9446572268089237,2.4684394329528987e-4,0.10268485252567462,0.4529763959947526
280,30,0.611075315355796,2.682587058500167,4.532684396869454e-4,0.102692603379226,0.39407373547004804
290,30,0.5843564954110891,1.8776534721799998,1.9864864307384247e-4,0.10270108861359865,0.4396132673867739
300,30,0.5565412810620456,2.2604746000108147,2.701715784241071e-4,0.10271003069883522,0.40048903794883844
10,20,0.2920132489751587,1.1498870454140242,2.2027117637527053e-5,0.10278788332468654,0.37141509522898813
20,20,0.3137088190571934,2.5710858776665138,1.3476436110543256e-4,0.1027787931070706,0.28598611978005484
30,20,0.33635459961851505,1.355757548417891,3.9509159864444976e-5,0.10276979257309875,0.37529976707113805
40,20,0.35986563452298287,1.3507690372292522,4.393327997249204e-5,0.10276083403946269,0.38883927029162624
50,20,0.384127580129958,2.0723594667816196,1.2052308734803882e-4,0.10275194990363397,0.34302957467160056
60,20,0.4089933063039036,1.7156654966762162,9.008550475636644e-5,0.10274324803030764,0.3796668299161657
70,20,0.4342799225335419,2.087755598303228,1.5054594899905244e-4,0.10273472402467769,0.36393500609158946
80,20,0.4597665565113081,1.798182586892747,1.2111452563492134e-4,0.10272648484468791,0.3958157004941625
90,20,0.48519328102566245,1.7021301337406427,1.1817531204815758e-4,0.10271854319076192,0.41504924286385486
100,20,0.5102616390447812,2.4889211154302866,2.8582199067015427e-4,0.10271093512477206,0.3699301687202379
110,20,0.5346372397406819,1.643362446063022,1.2928091601647522e-4,0.10270389228720914,0.441569815279434
120,20,0.5579548693128837,0.920241425649091,4.109039431232968e-5,0.10269736439418774,0.5590686230140671
130,20,0.5798264580556286,1.995795648187477,2.2296415612264286e-4,0.10269131617664405,0.42812803917225073
140,20,0.59985205151454,2.073256795289998,2.5576737022318306e-4,0.102685998768766,0.4294347483770488
150,20,0.6176336429251011,2.7188771801562748,4.7488289856043107e-4,0.10268140480660058,0.39424271655142823
160,20,0.6327913510689419,0.556432971703603,1.765671760325138e-5,0.10267785589941981,0.7175008728604426
170,20,0.6449810141992613,2.8601008845279794,5.682188007905528e-4,0.10267487881299195,0.39547864180875925
180,20,0.6539118866416294,2.7345940038339815,5.292253227447522e-4,0.10267301869146629,0.40489383694865766
190,20,0.659362858186423,1.8358925379569928,2.323651960819768e-4,0.10267224343015321,0.471132025224374
200,20,0.6611955528863461,1.3232657151695113,1.173422342519787e-4,0.10267241690652819,0.532510945066746
210,20,0.659362858186423,1.7217828593153037,2.0304948342582253e-4,0.10267356446346212,0.4824433602728173
220,20,0.6539118866416294,0.7667706780377159,3.659777409087163e-5,0.10267579646689064,0.6479246351893599
230,20,0.6449810141992613,1.554260742642135,1.5777136239886834e-4,0.10267888998393758,0.49550865835858676
240,20,0.6327913510689419,1.380253639446249,1.190437781709125e-4,0.10268295237585758,0.5127869501760565
250,20,0.6176336429251011,2.104109113650451,2.7708688034115204e-4,0.10268779626851207,0.43343190118822617
260,20,0.59985205151454,1.906809741026335,2.1447072362756954e-4,0.10269353554040599,0.44292649211569757
270,20,0.5798264580556286,1.9456124283303864,2.1128138716712173e-4,0.10270001217281127,0.43217340984565666
280,20,0.5579548693128837,1.3111514114659193,8.641511240676252e-5,0.1027071858875134,0.4904676870682273
290,20,0.5346372397406819,2.314641587425653,2.653750664825623e-4,0.10271484506865905,0.38903887968154005
300,20,0.5102616390447812,2.3643392797012837,2.5647794473793883e-4,0.10272307330027793,0.3770150802509916
10,10,0.27233798085059724,1.5926352310423626,3.8823409594240365e-5,0.10279642059866645,0.31788884161479275
20,10,0.2920132489751587,2.398841342847972,1.0324141004984371e-4,0.10278784727864489,0.2829970649261259
30,10,0.3124798175671255,1.2482192403022063,2.9336150740558045e-5,0.10277936149957957,0.372839132594244
40,10,0.3336528797714583,1.9315082570299589,8.198282063119028e-5,0.10277092501481834,0.32792615805955544
50,10,0.35542204863350796,2.6759023236670223,1.8088946246463603e-4,0.10276259593673301,0.3001057372047012
60,10,0.3776488878606743,2.0312934449462663,1.1229305705366356e-4,0.10275447476028522,0.34262532125887113
70,10,0.4001649165273959,2.6531468542524212,2.1698196029794196e-4,0.1027465355422212,0.3196086273361564
80,10,0.4227703545915175,1.3781033482213956,6.0118662261315783e-5,0.10273892939865903,0.41864079648016506
90,10,0.44523391693535674,1.6171541276998964,9.1803455645273e-5,0.10273158694937566,0.40503802773572883
100,10,0.4672939882415813,1.6780727220479652,1.0764803062799841e-4,0.10272461247146253,0.4094030446362752
110,10,0.4886615074297527,2.5180753587200955,2.722926309105755e-4,0.10271805682663127,0.36039133943589835
120,10,0.5090248452743746,1.3619009927193404,8.01987948611855e-5,0.10271210245974514,0.4617553573546495
130,10,0.5280568598248195,2.470271453920188,2.980741271949322e-4,0.1027065901157115,0.37743000505435603
140,10,0.5454241536683997,1.4682613632941912,1.0552451960208239e-4,0.10270183151916858,0.4650143345184132
150,10,0.5607983366375876,1.407397092052474,1.0117688296601359e-4,0.1026977159286385,0.47902042485508906
160,10,0.5738688329645759,3.0267339825357755,5.255376266357775e-4,0.10269425058472338,0.3651224436842545
170,10,0.5843564954110891,1.8077221456104586,1.834865871822103e-4,0.10269180371725947,0.44583166221381987
180,10,0.5920270477740066,2.6020343768629797,4.0314768823892366e-4,0.10269009610081906,0.3922295322748684
190,10,0.5967032260851403,1.6003160747752445,1.4713451283570423e-4,0.10268944266297542,0.4713243783758845
200,10,0.5982744768905403,1.4553123606864462,1.2105216806904722e-4,0.10268961427574877,0.48881844343375114
210,10,0.5967032260851403,2.386453828442434,3.4063665710103023e-4,0.10269058542552141,0.40658421666568745
220,10,0.5920270477740066,3.2796701552957948,6.555363501543762e-4,0.10269246300415641,0.3600583969768835
230,10,0.5843564954110891,2.0337559107058034,2.3498502330122312e-4,0.10269543997117578,0.42682504459545473
240,10,0.5738688329645759,1.9145215716253945,2.0074230490103558e-4,0.10269915177289643,0.43249766993045685
250,10,0.5607983366375876,2.273846689456753,2.7713146507822334e-4,0.10270359741792118,0.4011582565319588
260,10,0.5454241536683997,2.219094842317183,2.512317938528857e-4,0.10270882035471693,0.3991533371691231
270,10,0.5280568598248195,2.4978871541765466,3.0502637702160324e-4,0.10271472201906928,0.3758777401044568
280,10,0.5090248452743746,1.5486464039213699,1.0501748671587523e-4,0.10272131250940122,0.4403239267839272
290,10,0.4886615074297527,2.164949147863266,1.9815817104299073e-4,0.10272835298448743,0.38109366428068014
300,10,0.4672939882415813,1.944456116535229,1.466400788142356e-4,0.10273591257349081,0.3876907596211583
